{"data":{"wordpressPost":{"title":"How to find a good cosmetic surgeon","content":"<div dir=\"ltr\"></div>\n<h2 id=\"yui_3_16_0_ym19_1_1491411699682_5167\" dir=\"ltr\" style=\"text-align: center;\"><span style=\"color: #ff00ff;\">How to find a good cosmetic surgeon</span></h2>\n<div dir=\"ltr\"></div>\n<div dir=\"ltr\">Finding a good cosmetic surgeon is not as easy as one may think.</div>\n<div dir=\"ltr\"></div>\n<p>Sure you can search the internet and find cosmetic surgeons and, you&#8217;ll get a long list of doctors but, how do you know if they&#8217;re any good and, how do you know about their past mistakes?</p>\n<div dir=\"ltr\"></div>\n<div dir=\"ltr\">The truth is, many of the lists that are online are paid ads.  The reviews are usually the good ones, and the good ones are most commonly promoted by yet again, paid ads.</div>\n<div dir=\"ltr\"></div>\n<div dir=\"ltr\">If a doctor has made mistakes and they get a bad review, these reviews are usually pushed so far down that you typically don&#8217;t see them.</div>\n<div dir=\"ltr\"></div>\n<div dir=\"ltr\">Are there excellent cosmetic surgeons that you can find online?  Of course, there are but, how do you know?</div>\n<div dir=\"ltr\"></div>\n<div dir=\"ltr\">The answer is, you don&#8217;t know who will be operating on you from an internet search or another type of ad.  So, it&#8217;s up to you to do enough research to feel as sure as you possibly can before going under the knife.</div>\n<h2 dir=\"ltr\"></h2>\n<div dir=\"ltr\">\n<h2 id=\"yui_3_16_0_ym19_1_1491411699682_5167\" dir=\"ltr\" style=\"text-align: center;\"><span style=\"color: #ff00ff;\">How to find a good cosmetic surgeon</span></h2>\n</div>\n<div dir=\"ltr\"></div>\n<div dir=\"ltr\"></div>\n<div id=\"yui_3_16_0_ym19_1_1491411699682_5166\" class=\"body undoreset\" tabindex=\"0\">\n<div id=\"yui_3_16_0_ym19_1_1491411699682_5168\" class=\"email-wrapped\">\n<div dir=\"ltr\">The best ways to find a good plastic surgeon is:</div>\n</div>\n</div>\n<div dir=\"ltr\"></div>\n<ul>\n<li dir=\"ltr\">Get a referral from someone that you know who has had good results.</li>\n<li dir=\"ltr\">Make sure the doctor is board certified.</li>\n<li dir=\"ltr\">For me, I want someone who has been practicing for at least ten years.  Experience matters.</li>\n<li dir=\"ltr\">Go for a consultation and trust your gut!</li>\n<li dir=\"ltr\">Do a Google search and go past the first few pages to look deep.</li>\n<li dir=\"ltr\">Go to <a href=\"https://www.abplasticsurgery.org/public/verify-certification/ModDefault.aspx?section=SurgeonSearch\">https://www.abplasticsurgery.org/public/verify-certification/ModDefault.aspx?section=SurgeonSearch</a>   to check and see if the doctor that you are considering is board certified and has no complaints or alerts.</li>\n<li dir=\"ltr\">You can also go here <a href=\"http://www.fsmb.org/policy/contacts\">http://www.fsmb.org/policy/contactst</a> to see if the doctor has any licensing complaints</li>\n<li dir=\"ltr\">Try and pick someone who specializes in the type of procedure that you want.  The face and the body are very different and I think it takes a skilled hand to be able to work on a face.</li>\n<li>Ask where they perform surgery, and find out that facility’s level of accreditation. Look for AAAASF, AAAHC or JCAHO operating facility certification.</li>\n<li>&#8220;Ask about the anesthetist’s qualifications. For safety, you want either a Certified Registered Nurse Anesthetist (CRNA) or a Board Certified Anesthesiologist administering your anesthesia. <a href=\"http://www.americanboardcosmeticsurgery.org/patient-resources/choosing-a-cosmetic-surgeon/\">(http://www.americanboardcosmeticsurgery.org/patient-resources/choosing-a-cosmetic-surgeon</a></li>\n<li dir=\"ltr\">I always check to see how friendly and how happy the staff are.  If they are not happy then, to me, it raises questions in my mind.</li>\n<li dir=\"ltr\">Never get cosmetic surgery based on the price.  Procedures are different but the knife is a whole other story.</li>\n</ul>\n<p>&nbsp;</p>\n<p>The key to getting good results after you have researched your doctor is to be in good health, expect realistic results and, to maintain the results afterwards.</p>\n<p>These are only some of the ways to find a good cosmetic surgeon.  Please do your due diligence when it comes to finding a good plastic surgeon.</p>\n<div id=\"yui_3_16_0_ym19_1_1491411699682_5166\" class=\"body undoreset\" tabindex=\"0\"></div>\n<div class=\"body undoreset\" tabindex=\"0\"></div>\n<div class=\"body undoreset\" tabindex=\"0\">\n<p style=\"text-align: left;\"><strong><span style=\"color: #800080;\">Just a quick note.  I am putting my affiliate links to products that I swear by below.  Vitamin C &amp; E Serum is fantastic for smoothing out and evening out your skin and, TNS Recovery Complex is amazing in that it has the most growth factors that help me with skin texture and wrinkles!</span></strong></p>\n<ol>\n<li><b><i> Vitamin C + E Serum  </i></b><b><i> </i></b><b><i>(</i></b><a href=\"http://amzn.to/2nLH9fh\"><b><i>http://amzn.to/2nLH9fh</i></b></a><b><i>)  </i></b></li>\n<li><b><i> </i></b><b><i>TNS Recovery Complex   </i></b><b><i>(</i></b><a href=\"http://amzn.to/2oKKTLR\"><b><i>http://amzn.to/2oKKTLR</i></b></a><b><i>) </i></b></li>\n</ol>\n</div>\n<p>&nbsp;</p>\n<h3 style=\"text-align: center;\"><span style=\"color: #ff00ff;\">If you seriously want smoother skin then check out my &#8220;Smooth Skin&#8221; course where I will show you exactly how I get it.  No needles, fillers or surgeons needed here!</span></h3>\n<h3 style=\"text-align: center;\"><a href=\"https://how-to-get-smoother-skin.teachable.com\"><span style=\"color: #ff00ff;\">https://how-to-get-smoother-skin.teachable.com</span></a></h3>\n<p style=\"text-align: center;\">\n","featured_media":{"localFile":{"childImageSharp":{"resolutions":{"src":"/static/fec55765a7704be8fe2c1a03bb148427/1a478/17492045_s-400x280.jpg","width":300,"height":300}}}}},"site":{"siteMetadata":{"title":"A sample site using gatsby-source-wordpress","subtitle":"Data fetched from a site hosted on wordpress.com"}}},"pageContext":{"isCreatedByStatefulCreatePages":false,"id":"20169d55-6b65-5039-9bec-30da9ed42330"}}