{"data":{"wordpressPost":{"title":"PHYSICAL ACTIVITY AND AGING","content":"<p style=\"text-align: justify;\"><a href=\"https://theresaskrobanek.leadpages.co/the-5-huge-mistakes\">PHYSICAL ACTIVITY AND AGING</a></p>\n<p style=\"text-align: justify;\">Engaging in physical activity does the body wonders.  In fact when we exercise, every cell in our body benefits from it.  Working out lowers our blood pressure and makes our arteries stronger.</p>\n<p style=\"text-align: justify;\">It also makes our bones stronger, our brains better and, helps our immune system, not to mention it helps maintain our weight goals as well.  I workout daily although my motto is “the best part of working out is when it’s done” it does feel good to have done it.</p>\n<p style=\"text-align: justify;\">There is basically three types of exercising and these are cardio, strength training and, yoga/stretching.  Of course there are different types of programs such as, plyometrics, circuit training, high intensity interval training, tabata, crossfit, etc.</p>\n<p style=\"text-align: justify;\">These all have value but cardio is the best overall.  Of course you get some cardio from weight training from strength training, it is better to get your heart rate to seventy-five and eighty-five percent of its maximum capacity for at least 20 minutes.</p>\n<p style=\"text-align: justify;\">This translates into about 120 beats a minute for the average person.  If you like riding bikes, dancing or fast walking, these can also be beneficial as well.  Of course cardio will burn lots of calories fast.</p>\n<p style=\"text-align: justify;\">Lifting weights creates lean muscle mass.  The more muscle mass we have the more growth hormone and other anti-aging combinations we will have.  Not to mention we will look lean and toned which looks asthically pleasing to say the least.</p>\n<p style=\"text-align: justify;\">Yoga and stretching improves mobility and flexibility as we age.  It also helps improve strength and we need all of these as we age to prevent injury.  Endorsing both the renewal process and the exercise process, you will endorse a better body both inside and out.  You will also add years to your life.</p>\n<p style=\"text-align: justify;\">Of course exercising takes effort.  A lot of people don’t like to exercise or say they just don’t have the time.  If you absolutely hate to exercis&#8211;ee, I say do the easiest one that way you will do it.  Anything is better than nothing.</p>\n<p style=\"text-align: justify;\">Who knows, after while, you may do more and more as you look and feel better.  If you say you don’t have time then get up earlier or split your workout into two sessions.  Do twenty minutes before your morning shower and twenty quickly before you eat dinner.  You will be amazed how well this works and how fast it goes by breaking it up.</p>\n<p style=\"text-align: justify;\">If you think you will fail to eat right, workout and, renew your body because maybe, you have failed many times before, you shouldn&#8217;t.  Living in the renewal process is simply the way our bodies want us to in order to optimize its longevity.</p>\n<p style=\"text-align: justify;\">You don’t have to do it in one big leap, just take your time.  It’s easier to take one day at a time and do your best.  Go easy at first and then the harder stuff will come easier too.</p>\n<p style=\"text-align: center;\"><strong>If you would like to get my PDF on how to get started here is the link below:</strong></p>\n<p style=\"text-align: center;\"><img class=\"\" src=\"https://myagingandwellness.com/wp-admin/admin-ajax.php?action=imgedit-preview&amp;_ajax_nonce=c3b68c6a16&amp;postid=98&amp;rand=3394\" width=\"133\" height=\"133\" /></p>\n<p style=\"text-align: center;\"><strong><a href=\"https://theresaskrobanek.leadpages.co/the-5-huge-mistakes\">https://theresaskrobanek.leadpages.co/the-5-huge-mistakes-/</a></strong></p>\n<p style=\"text-align: center; margin: 9.6pt 0in 9.6pt 0in;\" align=\"center\"><em><span style=\"font-size: 10.0pt; font-family: 'Verdana','sans-serif'; color: #111111;\">Before you go, I created “The 7 Steps to Rejuvenate and Renewal.” In just seven</span></em></p>\n<p style=\"text-align: center;\" align=\"center\"><em><span style=\"font-size: 10.0pt; font-family: 'Verdana','sans-serif'; color: #111111;\">steps you can feel amazing without depriving your self!  Click the link below:</span></em></p>\n<p style=\"text-align: center;\" align=\"center\"><em><span style=\"font-size: 10.0pt; font-family: 'Verdana','sans-serif'; color: #111111;\">THE REJUVENATION AND RENEWAL PLAN</span></em></p>\n<p style=\"text-align: center;\" align=\"center\"><strong><i><span style=\"font-size: 10.0pt; font-family: 'Verdana','sans-serif'; color: #111111;\"><a href=\"https://myagingandwellness.com/wp-admin/admin-ajax.php?action=imgedit-preview&amp;_ajax_nonce=c3b68c6a16&amp;postid=98&amp;rand=3394/\"><span style=\"color: #ba1111; text-decoration: none; text-underline: none;\">https://theresaskrobanek.leadpages.co/rejuvenate-renew/</span></a></span></i></strong></p>\n","featured_media":{"localFile":{"childImageSharp":{"resolutions":{"src":"/static/08b3b023b5268de8b0610a9d01e192ac/1a478/36413383_s-400x280-1.jpg","width":300,"height":300}}}}},"site":{"siteMetadata":{"title":"A sample site using gatsby-source-wordpress","subtitle":"Data fetched from a site hosted on wordpress.com"}}},"pageContext":{"isCreatedByStatefulCreatePages":false,"id":"2fc00f2d-1656-59c6-afcd-ba1b35f6c86a"}}