{"data":{"wordpressPost":{"title":"The Importance of Probiotics","content":"<h2 style=\"text-align: justify;\">The Importance of Probiotics</h2>\n<p style=\"text-align: justify;\">Inside of us live a vast amount of bacteria.  Without that bacteria we could not remain in good health.</p>\n<p style=\"text-align: justify;\">Believe it or not, each of us has several billion!  Yep, several billion and they are divided into 400 species.</p>\n<p style=\"text-align: justify;\">Most of the bacteria live in the intestinal tract.  Some of the bacteria keep our health on tract while the others allow us regain our health once the bacteria have been upset.</p>\n<p style=\"text-align: justify;\">To help supplement the friendly bacteria, we could use a supplement known as a <em>Probiotic.  A Probiotics meaning is &#8220;for life.&#8221; </em></p>\n<p style=\"text-align: justify;\">Lactobacillus acidophilus is the friendly bacteria in our upper intestinal tract.  It helps to reduce harmful bacteria, yeast and produces lactase which is an enzyme that we need for digestion.</p>\n<p style=\"text-align: justify;\">Bifidobacterium bifidum and B. longum are the friendly bacteria in the large intestine and they do the same as the previous but also, help to produce B vitamins and help our body detoxify bile.</p>\n<p style=\"text-align: justify;\">Without bacteria such as acidophilus we would not be able to properly digest our food and absorb vitamins and nutrients.  However, digestion is only a mere part of what probiotics can do.</p>\n<p style=\"text-align: justify;\">Here is the list of some of the benefits of probiotics and friendly bacteria:</p>\n<ul style=\"text-align: justify;\">\n<li>Manufacture B vitamins</li>\n<li>Enhance our immune system</li>\n<li>Create the lactase enzyme that is important for the digestion of dairy products</li>\n<li>They kill hostile bacteria</li>\n<li>May be active against tumors</li>\n<li>Help with digestion</li>\n<li>Reduce cholesterol levels</li>\n<li>Protect against radiation damage</li>\n<li>Deactivate toxic pollutants</li>\n<li>Recycle estrogen and helps with menopausal symptoms</li>\n</ul>\n<p style=\"text-align: justify;\">Friendly bacteria has been show to be useful in treatments for a number of ailments and diseases, specifically, cystitis, candidiasis, colitis, irritable bowel syndrome and some forms of cancer and ongoing infections.</p>\n<p style=\"text-align: justify;\">When to use probiotic supplements: (Not all but some)</p>\n<ul style=\"text-align: justify;\">\n<li>Chronic bowel problems</li>\n<li>When traveling and used against food poisoning</li>\n<li>After taking (and during) antibiotics</li>\n<li>For premenopause and menopausal women</li>\n<li>High cholesterol</li>\n<li>Chronic acne, skin issues, allergies, arthritis, cancer (with professional guidance)</li>\n<li>Undergoing radiation</li>\n<li>For vaginal or bladder infections like cyctitis</li>\n<li>Bifidobacteria infantis given to all babies (talk to your doctor)</li>\n</ul>\n<p style=\"text-align: justify;\">To find a good probiotic, I go to places like Whole foods.  You will find them in the refrigerated section of your supplement isle.</p>\n<p style=\"text-align: justify;\">If you can, get the powder and make sure it comes in a dark glass container and NOT PLASTIC!</p>\n<p style=\"text-align: justify;\">You should take a probiotic with meals as our stomachs have extreme acids that can kill the bacteria without food.</p>\n<p style=\"text-align: justify;\">Check the expiration date and use your probiotic up to that date and then replenish them.</p>\n<p style=\"text-align: justify;\"><em>A usual dose is about one billion and ten billion bacteria per day. You can increase this amount to 15-20 billion if you are taking antibiotics however, talk with your doctor as some probiotics can affect the metabolism of certain antibiotics.</em></p>\n<p style=\"text-align: justify;\">Once you open your probiotics, keep the refrigerated because they are alive!</p>\n<p style=\"text-align: center;\">Do these 5 things daily and reduce your age by 10 years:</p>\n<p style=\"text-align: center;\"><img class=\"\" src=\"https://myagingandwellness.com/wp-admin/admin-ajax.php?action=imgedit-preview&amp;_ajax_nonce=c3b68c6a16&amp;postid=98&amp;rand=97003\" width=\"102\" height=\"102\" /></p>\n<p style=\"text-align: center;\"><a href=\"https://theresaskrobanek.leadpages.co/the-5-huge-mistakes/\">https://theresaskrobanek.leadpages.co/the-5-huge-mistakes/</a></p>\n<p style=\"text-align: center; margin: 9.6pt 0in 9.6pt 0in;\" align=\"center\"><em><span style=\"font-size: 10.0pt; font-family: 'Verdana','sans-serif'; color: #111111;\">Before you go, I created “The 7 Steps to Rejuvenate and Renewal.” In just seven</span></em></p>\n<p style=\"text-align: center;\" align=\"center\"><em><span style=\"font-size: 10.0pt; font-family: 'Verdana','sans-serif'; color: #111111;\">steps you can feel amazing without depriving your self!  Click the link below:</span></em></p>\n<p style=\"text-align: center;\" align=\"center\"><em><span style=\"font-size: 10.0pt; font-family: 'Verdana','sans-serif'; color: #111111;\">THE REJUVENATION AND RENEWAL PLAN</span></em></p>\n<p style=\"text-align: center;\" align=\"center\"><strong><i><span style=\"font-size: 10.0pt; font-family: 'Verdana','sans-serif'; color: #111111;\"><a href=\"https://theresaskrobanek.leadpages.co/rejuvenate-renew/\"><span style=\"color: #ba1111; text-decoration: none; text-underline: none;\">https://theresaskrobanek.leadpages.co/rejuvenate-renew/</span></a></span></i></strong></p>\n","featured_media":{"localFile":null}},"site":{"siteMetadata":{"title":"A sample site using gatsby-source-wordpress","subtitle":"Data fetched from a site hosted on wordpress.com"}}},"pageContext":{"isCreatedByStatefulCreatePages":false,"id":"c010a33d-3b42-5061-851f-1214e43d491f"}}