{"data":{"wordpressPost":{"title":"Wink frozen desert for keto diet review","content":"\n<p>If you&#8217;re on the Keto diet or just trying to avoid a lot of carbs, then this desert might be just want your looking for. #Winkdeserts</p>\n\n\n\n<p></p>\n\n\n\n<figure class=\"wp-block-embed-youtube wp-block-embed is-type-video is-provider-youtube wp-embed-aspect-16-9 wp-has-aspect-ratio\"><div class=\"wp-block-embed__wrapper\">\n<iframe width=\"625\" height=\"352\" src=\"https://www.youtube.com/embed/z46QSXZkALA?feature=oembed\" frameborder=\"0\" allow=\"accelerometer; autoplay; encrypted-media; gyroscope; picture-in-picture\" allowfullscreen></iframe>\n</div></figure>\n\n\n\n<p><strong><em>If you want to feel better, look better and have an insane amount of energy in just 14 days!</em></strong></p>\n\n\n\n<p><strong><em>Then click the link below to get your FREE &#8220;7 Step-by-Step Guide to and feel amazing!</em></strong></p>\n\n\n\n<p><a href=\"https://myagingandwellness.lpages.co/7-step-detox-guide-from-share\">https://myagingandwellness.lpages.co/7-step-detox-guide-from-share</a></p>\n\n\n\n<figure class=\"wp-block-image\"><img src=\"https://myagingandwellness.com/wp-content/uploads/2018/08/Screen-Shot-2019-03-19-at-1.33.27-PM-1024x840.png\" alt=\"7 step-by-step guide to look and feel amazing\" class=\"wp-image-8761\" srcset=\"https://myagingandwellness.com/wp-content/uploads/2018/08/Screen-Shot-2019-03-19-at-1.33.27-PM-1024x840.png 1024w, https://myagingandwellness.com/wp-content/uploads/2018/08/Screen-Shot-2019-03-19-at-1.33.27-PM-300x246.png 300w, https://myagingandwellness.com/wp-content/uploads/2018/08/Screen-Shot-2019-03-19-at-1.33.27-PM-768x630.png 768w, https://myagingandwellness.com/wp-content/uploads/2018/08/Screen-Shot-2019-03-19-at-1.33.27-PM-624x512.png 624w, https://myagingandwellness.com/wp-content/uploads/2018/08/Screen-Shot-2019-03-19-at-1.33.27-PM-600x492.png 600w, https://myagingandwellness.com/wp-content/uploads/2018/08/Screen-Shot-2019-03-19-at-1.33.27-PM.png 1060w\" sizes=\"(max-width: 1024px) 100vw, 1024px\" /><figcaption>7 step-by-step guide to look and feel amazing</figcaption></figure>\n","featured_media":{"localFile":{"childImageSharp":{"resolutions":{"src":"/static/d299dc8e5bce9ce42555760124e3174a/c0005/Screen-Shot-2019-03-23-at-11.58.16-AM.png","width":300,"height":300}}}}},"site":{"siteMetadata":{"title":"A sample site using gatsby-source-wordpress","subtitle":"Data fetched from a site hosted on wordpress.com"}}},"pageContext":{"isCreatedByStatefulCreatePages":false,"id":"50b0254b-1825-55f8-9818-744c64ef936e"}}