{"data":{"wordpressPost":{"title":"How I get clothes cheap!","content":"<p> </p>\n<p> </p>\n<h1 style=\"text-align: center;\"><span style=\"color: #ff00ff;\">How I get clothes cheap!</span></h1>\n<p> </p>\n<p><iframe width=\"625\" height=\"352\" src=\"https://www.youtube.com/embed/zi2bFEE3u4w?feature=oembed\" frameborder=\"0\" allow=\"accelerometer; autoplay; encrypted-media; gyroscope; picture-in-picture\" allowfullscreen></iframe></p>\n<p> </p>\n<p> </p>\n<p class=\"p1\" style=\"text-align: center;\"><span style=\"color: #ff00ff;\"><em><strong>If you want to feel better, look better and have an insane amount of energy in just 14 days!</strong></em></span></p>\n<p class=\"p1\" style=\"text-align: center;\"><span style=\"color: #ff00ff;\"><em><strong>Then click the link below to get your FREE &#8220;7 Step-by-Step Guide to and feel amazing!</strong></em></span></p>\n<p class=\"p1\" style=\"text-align: center;\"><a href=\"https://myagingandwellness.lpages.co/7-step-detox-guide-from-share\"><span style=\"color: #ff00ff;\"><em><strong>https://myagingandwellness.lpages.co/7-step-detox-guide-from-share</strong></em></span></a></p>\n<p> </p>\n<div id=\"attachment_8761\" style=\"width: 310px\" class=\"wp-caption aligncenter\"><img aria-describedby=\"caption-attachment-8761\" class=\"size-medium wp-image-8761\" src=\"https://myagingandwellness.com/wp-content/uploads/2018/08/Screen-Shot-2019-03-19-at-1.33.27-PM-300x246.png\" alt=\"7 step-by-step guide to look and feel amazing\" width=\"300\" height=\"246\" srcset=\"https://myagingandwellness.com/wp-content/uploads/2018/08/Screen-Shot-2019-03-19-at-1.33.27-PM-300x246.png 300w, https://myagingandwellness.com/wp-content/uploads/2018/08/Screen-Shot-2019-03-19-at-1.33.27-PM-768x630.png 768w, https://myagingandwellness.com/wp-content/uploads/2018/08/Screen-Shot-2019-03-19-at-1.33.27-PM-1024x840.png 1024w, https://myagingandwellness.com/wp-content/uploads/2018/08/Screen-Shot-2019-03-19-at-1.33.27-PM-624x512.png 624w, https://myagingandwellness.com/wp-content/uploads/2018/08/Screen-Shot-2019-03-19-at-1.33.27-PM-600x492.png 600w, https://myagingandwellness.com/wp-content/uploads/2018/08/Screen-Shot-2019-03-19-at-1.33.27-PM.png 1060w\" sizes=\"(max-width: 300px) 100vw, 300px\" /><p id=\"caption-attachment-8761\" class=\"wp-caption-text\"><a href=\"https://myagingandwellness.lpages.co/7-step-detox-guide-from-share\">7 step-by-step guide to look and feel amazing</a></p></div>\n\n\n<p></p>\n","featured_media":{"localFile":{"childImageSharp":{"resolutions":{"src":"/static/c21d7d891e1fc8fb6eb604c5bcc528f3/c0005/How-to-get-clothes-cheap.png","width":300,"height":300}}}}},"site":{"siteMetadata":{"title":"A sample site using gatsby-source-wordpress","subtitle":"Data fetched from a site hosted on wordpress.com"}}},"pageContext":{"isCreatedByStatefulCreatePages":false,"id":"ab76174a-a9ec-5f77-a1fd-7014f3ca32ba"}}