{"data":{"wordpressPage":{"title":"About Me Page","content":"<p>[vc_row][vc_column][vc_custom_heading text=&#8221;Thanks for stopping by MyAgingAndWellness.com. This website is for women forty, fifty, sixty and beyond&#8221; use_theme_fonts=&#8221;yes&#8221; el_class=&#8221;about_page_heading&#8221;][vc_column_text]<br />\n<iframe src=\"https://player.vimeo.com/video/255201835?app_id=122963\" width=\"625\" height=\"352\" frameborder=\"0\" title=\"MyAgingAndWellness.com About page\" webkitallowfullscreen mozallowfullscreen allowfullscreen></iframe></p>\n<p>&nbsp;</p>\n<p><strong>I buy lots of products and anti-aging supplements, etc.  I use them and then, I review them to tell you what works and what doesn&#8217;t so that, you don&#8217;t have to waste your time and money!</strong></p>\n<p><strong>MyAgingAndWellness is all about &#8220;Living a good life and not a rigid life.&#8221;</strong></p>\n<p><strong>MyAgingAndWellness.com is for those that want to know about which anti-aging products really work rather than over promise and under deliver.</strong></p>\n<p><strong>My goal is to bring you the things that do what they say they will so that you and I can spend more time enjoying our lives!</strong></p>\n<p><strong>Thanks again for stopping by 🙂</strong></p>\n<p><strong>If you have any questions or comments, please send me a message at theresaskrobanek@yahoo.com</strong>[/vc_column_text][/vc_column][/vc_row]</p>\n","date":"February 10, 2018"},"site":{"id":"Site","siteMetadata":{"title":"A sample site using gatsby-source-wordpress","subtitle":"Data fetched from a site hosted on wordpress.com"}}},"pageContext":{"isCreatedByStatefulCreatePages":false,"id":"983dbe42-b9f8-5eb8-b263-03ac486fc561"}}