{"data":{"wordpressPost":{"title":"Hers.com Review","content":"<h2 style=\"text-align: center;\"><span style=\"color: #ff00ff;\">Hers.com Review</span></h2>\n<p>&nbsp;</p>\n<p><iframe width=\"625\" height=\"352\" src=\"https://www.youtube.com/embed/vcfgpcXwS_I?feature=oembed\" frameborder=\"0\" allow=\"accelerometer; autoplay; encrypted-media; gyroscope; picture-in-picture\" allowfullscreen></iframe></p>\n","featured_media":{"localFile":{"childImageSharp":{"resolutions":{"src":"/static/3e4b5f080bcc18253873d2a7aed723c3/c0005/Screen-Shot-2019-01-15-at-6.42.20-PM.png","width":300,"height":300}}}}},"site":{"siteMetadata":{"title":"A sample site using gatsby-source-wordpress","subtitle":"Data fetched from a site hosted on wordpress.com"}}},"pageContext":{"isCreatedByStatefulCreatePages":false,"id":"e804f290-f5d5-5ba7-a60d-ec4e0eadc412"}}