{"data":{"wordpressPost":{"title":"Great alternative to pasta noodles","content":"<p>&nbsp;</p>\n<h2 style=\"text-align: center;\">Pasta Noodles Non-Carb Food Alternatives</h2>\n<p>&nbsp;</p>\n<p>So if you&#8217;re like me, and you love love love pasta but, you hate the weight gain then, try these pasta noodle alternatives!  Oh, and the sauce is amazing too 😛</p>\n<p>&nbsp;</p>\n<p><iframe width=\"625\" height=\"352\" src=\"https://www.youtube.com/embed/dLiKfrMhiBY?feature=oembed\" frameborder=\"0\" allow=\"autoplay; encrypted-media\" allowfullscreen></iframe></p>\n","featured_media":{"localFile":{"childImageSharp":{"resolutions":{"src":"/static/2fbeb6b228c83c09bbfa466dec904815/c0005/Screen-Shot-2018-10-02-at-4.49.22-PM.png","width":300,"height":300}}}}},"site":{"siteMetadata":{"title":"A sample site using gatsby-source-wordpress","subtitle":"Data fetched from a site hosted on wordpress.com"}}},"pageContext":{"isCreatedByStatefulCreatePages":false,"id":"ddcf64b7-cc64-5d2c-bae7-deb0b9aaed5b"}}