{"data":{"wordpressPost":{"title":"Best 4 Products for Younger Skin!","content":"<h2 style=\"text-align: center;\"><span style=\"color: #ff00ff;\"><strong>Best 4 Products for Younger Skin!</strong></span></h2>\n<p>&nbsp;</p>\n<p>&nbsp;</p>\n<p>https://vimeo.com/214932611</p>\n<p>&nbsp;</p>\n<p style=\"text-align: left;\">Hey there! Below I have put the links to the products in the video except for <strong>Retin A as that is a prescription you will have to get from your regular doctor and then go to <a href=\"https://www.goodrx.com\">GoodRx.com</a> and buy it there for much less than retail.</strong></p>\n<p style=\"text-align: left;\">You can buy any good sunscreen that is at least SPF 30 or above for your face, neck, and chest.  I like SkinCeuticals and I get it on Amazon.  I like it because it&#8217;s a liquid that is skin tone in color and it sets my makeup very well.  I put the link below.</p>\n<h2 style=\"text-align: center;\"><span style=\"color: #ff00ff;\"><strong>Best 4 Products for Younger Skin!</strong></span></h2>\n<h4></h4>\n<h4>FYI the links below are affiliate links, and I get a small commission.</h4>\n<h4 style=\"text-align: left;\">Vitamin C serum</h4>\n<p><a href=\"http://amzn.to/2oLe1Sr\">http://amzn.to/2oLe1Sr</a></p>\n<h4 style=\"text-align: left;\">TNS Stem Cell Recovery Complex</h4>\n<p><a href=\"http://amzn.to/2oObtUL\">http://amzn.to/2oObtUL</a></p>\n<h4 style=\"text-align: left;\">SkinCeuticals Sunscreen</h4>\n<p><a href=\"http://amzn.to/2oL9KOS\">http://amzn.to/2oL9KOS</a></p>\n<p>&nbsp;</p>\n<h2 style=\"text-align: center;\"><span style=\"color: #ff00ff;\">If you seriously want smoother skin then check out my &#8220;Smooth Skin&#8221; course where I will show you exactly how I get it.  No needles, fillers or surgeons needed here!</span></h2>\n<h2 style=\"text-align: center;\"><a href=\"https://how-to-get-smoother-skin.teachable.com\"><span style=\"color: #ff00ff;\">https://how-to-get-smoother-skin.teachable.com</span></a></h2>\n","featured_media":{"localFile":{"childImageSharp":{"resolutions":{"src":"/static/7aa25f0c5090252b2c15e2c6a6e9d488/1a478/66857552_s.jpg","width":300,"height":300}}}}},"site":{"siteMetadata":{"title":"A sample site using gatsby-source-wordpress","subtitle":"Data fetched from a site hosted on wordpress.com"}}},"pageContext":{"isCreatedByStatefulCreatePages":false,"id":"49964498-d28a-52ba-af94-ca1467918cf1"}}