{"data":{"wordpressPost":{"title":"Apricot Anti Aging Silicone Review","content":"<h2 style=\"text-align: center;\"><span style=\"color: #ff00ff;\">Apricot Anti Aging Silicone Review</span></h2>\n<p>&nbsp;</p>\n<p>I struggle with chest wrinkles because of abusing my skin in the sun.  I also have chest wrinkles because of the way that I sleep on my side.  Arms folded like a book creates lines and over time it creates deep wrinkles.</p>\n<p>This is how I have virtually eliminated my chest wrinkles and how I will begin to work on the wrinkles on my hands too.</p>\n<p>One more note, if you have surgical scars or burns scars over even old scars that you thought there was no hope in getting rid of, try the medical grade silicone that has recently come on the market.  It works amazingly.</p>\n<h3 style=\"text-align: center;\"><span style=\"color: #ff00ff;\">Here is my review video on the Apricot Anti-Aging Silicone product below:</span></h3>\n<p style=\"text-align: center;\">Here is my affiliate link of which I get a small commission but by all means get it anywhere 😘</p>\n<p style=\"text-align: center;\"><a href=\"https://amzn.to/2IwKQ0X\">https://amzn.to/2IwKQ0X</a></p>\n<p>&nbsp;</p>\n<p><iframe width=\"625\" height=\"352\" src=\"https://www.youtube.com/embed/hLAMQIogkYM?feature=oembed\" frameborder=\"0\" allow=\"autoplay; encrypted-media\" allowfullscreen></iframe></p>\n","featured_media":{"localFile":{"childImageSharp":{"resolutions":{"src":"/static/41c3cf3576b60a297ef5a76744fe3d55/c0005/Screen-Shot-2018-08-20-at-1.29.27-PM.png","width":300,"height":300}}}}},"site":{"siteMetadata":{"title":"A sample site using gatsby-source-wordpress","subtitle":"Data fetched from a site hosted on wordpress.com"}}},"pageContext":{"isCreatedByStatefulCreatePages":false,"id":"2bb6d409-1a08-52db-92ba-ebaa94e9db2b"}}