{"data":{"wordpressPage":{"title":"Blog","content":"<p>[vc_row][vc_column][vc_single_image image=&#8221;8435&#8243; img_size=&#8221;full&#8221; alignment=&#8221;center&#8221; style=&#8221;vc_box_shadow&#8221; el_class=&#8221;blog_outr_img&#8221;][vc_empty_space height=&#8221;60px&#8221;][/vc_column][/vc_row][vc_row el_id=&#8221;blog_post_outr&#8221;][vc_column][cms_grid col_xs=&#8221;1&#8243; col_sm=&#8221;2&#8243; col_md=&#8221;3&#8243; col_lg=&#8221;4&#8243; filter_styles=&#8221;blog&#8221; source=&#8221;size:-1|order_by:date|post_type:post&#8221; cms_template=&#8221;cms_grid&#8211;layout-blog2.php&#8221;][/vc_column][/vc_row]</p>\n","date":"July 26, 2016"},"site":{"id":"Site","siteMetadata":{"title":"A sample site using gatsby-source-wordpress","subtitle":"Data fetched from a site hosted on wordpress.com"}}},"pageContext":{"isCreatedByStatefulCreatePages":false,"id":"b8d07981-905d-5841-aae7-fcebf9eb1838"}}