{"app":["/app-057281b31bb733dad86d.js"],"component---node-modules-gatsby-plugin-offline-app-shell-js":["/component---node-modules-gatsby-plugin-offline-app-shell-js-c1dd8e8af262a3a6062f.js"],"component---src-templates-page-js":["/component---src-templates-page-js-2a00e9fa8b512d1860c2.js"],"component---src-templates-post-js":["/component---src-templates-post-js-172961a51d3114c3a77e.js"],"component---src-pages-index-js":["/component---src-pages-index-js-427c2d1dcc26f6997f4c.js"],"pages-manifest":["/pages-manifest-b939b7645a39cd7fde10.js"]}