{"data":{"wordpressPost":{"title":"Correction Powders for mature skin ☺️","content":"\n<figure class=\"wp-block-embed-youtube wp-block-embed is-type-video is-provider-youtube wp-embed-aspect-16-9 wp-has-aspect-ratio\"><div class=\"wp-block-embed__wrapper\">\n<iframe width=\"625\" height=\"352\" src=\"https://www.youtube.com/embed/iDVJovD7G44?feature=oembed\" frameborder=\"0\" allow=\"accelerometer; autoplay; encrypted-media; gyroscope; picture-in-picture\" allowfullscreen></iframe>\n</div></figure>\n\n\n\n<p>Here is my affiliate link to the Lavender powder.  Even if you don&#8217;t use my link, by all means, get it and give it a try!  I think you will really be happy with how bright your face will look without the heaviness of traditional powders 😀</p>\n\n\n\n<p><a href=\"https://amzn.to/2TI0G1L\">https://amzn.to/2TI0G1L</a></p>\n\n\n\n<p></p>\n\n\n\n<p>If you want to seriously get smoother skin then check out my &#8220;Smooth Skin&#8221; course.&nbsp; Just four quick steps to make your skin younger guaranteed!&nbsp; Click the link to watch the video:&nbsp;<a href=\"https://how-to-get-smoother-skin.teachable.com/p/smooth-skin\"> https://how-to-get-smoother-skin.teachable.com/p/smooth-skin</a></p>\n\n\n\n<figure class=\"wp-block-image\"><img src=\"https://myagingandwellness.com/wp-content/uploads/2019/03/Screen-Shot-2019-03-19-at-2.36.22-PM-1024x681.png\" alt=\"How to get smooth skin\" class=\"wp-image-8770\" srcset=\"https://myagingandwellness.com/wp-content/uploads/2019/03/Screen-Shot-2019-03-19-at-2.36.22-PM-1024x681.png 1024w, https://myagingandwellness.com/wp-content/uploads/2019/03/Screen-Shot-2019-03-19-at-2.36.22-PM-300x200.png 300w, https://myagingandwellness.com/wp-content/uploads/2019/03/Screen-Shot-2019-03-19-at-2.36.22-PM-768x511.png 768w, https://myagingandwellness.com/wp-content/uploads/2019/03/Screen-Shot-2019-03-19-at-2.36.22-PM-624x415.png 624w, https://myagingandwellness.com/wp-content/uploads/2019/03/Screen-Shot-2019-03-19-at-2.36.22-PM-600x399.png 600w, https://myagingandwellness.com/wp-content/uploads/2019/03/Screen-Shot-2019-03-19-at-2.36.22-PM.png 1230w\" sizes=\"(max-width: 1024px) 100vw, 1024px\" /><figcaption>How to get smooth skin</figcaption></figure>\n\n\n\n<p></p>\n\n\n\n<p>ONE MORE THING!</p>\n\n\n\n<p>If you want to feel better, look better and have an insane amount of energy in just 14 days! </p>\n\n\n\n<p>Then click the link below to get your FREE &#8220;7 Step-by-Step Guide to and feel amazing!&#8221; </p>\n\n\n\n<p><a href=\"https://myagingandwellness.lpages.co/7-step-detox-guide-from-share\">https://myagingandwellness.lpages.co/7-step-detox-guide-from-share</a></p>\n\n\n\n<p></p>\n\n\n\n<div class=\"wp-block-image size-medium wp-image-8761\"><figure class=\"aligncenter\"><img src=\"https://myagingandwellness.com/wp-content/uploads/2018/08/Screen-Shot-2019-03-19-at-1.33.27-PM-300x246.png\" alt=\"7 step-by-step guide to look and feel amazing\" class=\"wp-image-8761\" srcset=\"https://myagingandwellness.com/wp-content/uploads/2018/08/Screen-Shot-2019-03-19-at-1.33.27-PM-300x246.png 300w, https://myagingandwellness.com/wp-content/uploads/2018/08/Screen-Shot-2019-03-19-at-1.33.27-PM-768x630.png 768w, https://myagingandwellness.com/wp-content/uploads/2018/08/Screen-Shot-2019-03-19-at-1.33.27-PM-1024x840.png 1024w, https://myagingandwellness.com/wp-content/uploads/2018/08/Screen-Shot-2019-03-19-at-1.33.27-PM-624x512.png 624w, https://myagingandwellness.com/wp-content/uploads/2018/08/Screen-Shot-2019-03-19-at-1.33.27-PM-600x492.png 600w, https://myagingandwellness.com/wp-content/uploads/2018/08/Screen-Shot-2019-03-19-at-1.33.27-PM.png 1060w\" sizes=\"(max-width: 300px) 100vw, 300px\" /><figcaption>7 step-by-step guide to look and feel amazing</figcaption></figure></div>\n\n\n\n<p></p>\n","featured_media":{"localFile":{"childImageSharp":{"resolutions":{"src":"/static/66aeba773168ad165779b551c39d7e17/c0005/How-to-Style-Funky-Pieces.png","width":300,"height":300}}}}},"site":{"siteMetadata":{"title":"A sample site using gatsby-source-wordpress","subtitle":"Data fetched from a site hosted on wordpress.com"}}},"pageContext":{"isCreatedByStatefulCreatePages":false,"id":"ef8d0462-2346-56af-b046-c90e9a7dc55d"}}