{"data":{"wordpressPost":{"title":"Too Faced Sugar Peach Face &#038; Eye Palette Review","content":"\n<p></p>\n\n\n\n<figure class=\"wp-block-embed-youtube wp-block-embed is-type-video is-provider-youtube wp-embed-aspect-16-9 wp-has-aspect-ratio\"><div class=\"wp-block-embed__wrapper\">\n<iframe width=\"625\" height=\"352\" src=\"https://www.youtube.com/embed/fT4Tt1aR13k?feature=oembed\" frameborder=\"0\" allow=\"accelerometer; autoplay; encrypted-media; gyroscope; picture-in-picture\" allowfullscreen></iframe>\n</div></figure>\n\n\n\n<p>Here is my affiliate link if you want to check out the product in this video: <a href=\"https://amzn.to/2UaPpGK\">https://amzn.to/2UaPpGK</a></p>\n\n\n\n<figure class=\"wp-block-image\"><img src=\"https://myagingandwellness.com/wp-content/uploads/2019/03/Screen-Shot-2019-03-25-at-11.05.09-AM.png\" alt=\"\" class=\"wp-image-8815\" srcset=\"https://myagingandwellness.com/wp-content/uploads/2019/03/Screen-Shot-2019-03-25-at-11.05.09-AM.png 966w, https://myagingandwellness.com/wp-content/uploads/2019/03/Screen-Shot-2019-03-25-at-11.05.09-AM-300x270.png 300w, https://myagingandwellness.com/wp-content/uploads/2019/03/Screen-Shot-2019-03-25-at-11.05.09-AM-768x690.png 768w, https://myagingandwellness.com/wp-content/uploads/2019/03/Screen-Shot-2019-03-25-at-11.05.09-AM-624x561.png 624w, https://myagingandwellness.com/wp-content/uploads/2019/03/Screen-Shot-2019-03-25-at-11.05.09-AM-600x539.png 600w\" sizes=\"(max-width: 966px) 100vw, 966px\" /><figcaption><a href=\"https://amzn.to/2UaPpGK\">https://amzn.to/2UaPpGK</a></figcaption></figure>\n","featured_media":{"localFile":{"childImageSharp":{"resolutions":{"src":"/static/5ac1a219f0bdf52a8749d5218f656f4d/c0005/Screen-Shot-2019-03-25-at-11.05.09-AM.png","width":300,"height":300}}}}},"site":{"siteMetadata":{"title":"A sample site using gatsby-source-wordpress","subtitle":"Data fetched from a site hosted on wordpress.com"}}},"pageContext":{"isCreatedByStatefulCreatePages":false,"id":"0f5daf43-1cfe-577e-890d-bfb113ae127a"}}