{"data":{"wordpressPost":{"title":"DHEA SR Hormone Booster Review!","content":"<h1 style=\"text-align: center;\"><span style=\"color: #ff00ff;\">DHEA SR Hormone Booster Review!</span></h1>\n<p>Hi guys. Today I want to talk to you about hormones. I&#8217;ve been lifting weights and exercising, and I haven&#8217;t seen any big results. And I&#8217;ve even increased my weights and increased the time that I work out, and I still didn&#8217;t see any results.</p>\n<p>So I talked to my doctor, my hormone doctor, and she said to try a supplement called DHEA slow release tablets. And I thought, &#8220;Well, I don&#8217;t really want to take supplements, but I do take hormones.&#8221; So she said this will synthesize your hormones, and therefore, you can have better testosterone, and testosterone will help you build muscle.</p>\n<p>And I gotta say, I&#8217;ve been taking these for about four months, and I&#8217;m seeing incredible results. I don&#8217;t usually promote supplements or anything that you take orally because I don&#8217;t believe in a lot of things, but DHEA supplement, this is 10 mg, and this brand is called &#8230; What is this brand called? It&#8217;s called DHEA SR.</p>\n<p>So anyway, I&#8217;ve used lots of supplements before to do things like to work out and stuff like that and they didn&#8217;t work or I got really jittery or I didn&#8217;t see any results. But this really works. So if you&#8217;re a woman and you are in your 40s, 50s, and beyond, and you want to work out and you want to get good results. Try this supplement, the DHEA supplement. It&#8217;s called the SR, which is a slow release, so it slowly releases throughout the day. And you will see incredible results from your workout. And it will also synthesize all of your hormones like your estrogen, your progesterone, your testosterone, and all of that. It will just kind of tighten it all up and bring it all together.</p>\n<p>So if you want something that will really, really help you just feel better and look better and overall just have better youth and hormones, try the DHEA, 10 mg, slow release supplement and it&#8217;s by Clinical or you can find it anywhere else. But I find that this brand works better than anything I&#8217;ve ever tried. So thanks for watching, and I will see you next time 😀</p>\n<p class=\"p1\" style=\"text-align: center;\"><span style=\"color: #ff00ff;\"><em><strong>If you want to feel better, look better and have an insane amount of energy in just 14 days!</strong></em></span></p>\n<p class=\"p1\" style=\"text-align: center;\"><span style=\"color: #ff00ff;\"><em><strong>Then click the link below to get your FREE &#8220;7 Step-by-Step Guide to and feel amazing!</strong></em></span></p>\n<p class=\"p4\"><a href=\"https://myagingandwellness.lpages.co/7-step-detox-guide-from-share\"><span style=\"color: #ff00ff;\"><em><strong>https://myagingandwellness.lpages.co/7-step-detox-guide-from-share</strong></em></span></a></p>\n<div id=\"attachment_8761\" style=\"width: 310px\" class=\"wp-caption aligncenter\"><img aria-describedby=\"caption-attachment-8761\" class=\"size-medium wp-image-8761\" src=\"https://myagingandwellness.com/wp-content/uploads/2018/08/Screen-Shot-2019-03-19-at-1.33.27-PM-300x246.png\" alt=\"7 step-by-step guide to look and feel amazing\" width=\"300\" height=\"246\" srcset=\"https://myagingandwellness.com/wp-content/uploads/2018/08/Screen-Shot-2019-03-19-at-1.33.27-PM-300x246.png 300w, https://myagingandwellness.com/wp-content/uploads/2018/08/Screen-Shot-2019-03-19-at-1.33.27-PM-768x630.png 768w, https://myagingandwellness.com/wp-content/uploads/2018/08/Screen-Shot-2019-03-19-at-1.33.27-PM-1024x840.png 1024w, https://myagingandwellness.com/wp-content/uploads/2018/08/Screen-Shot-2019-03-19-at-1.33.27-PM-624x512.png 624w, https://myagingandwellness.com/wp-content/uploads/2018/08/Screen-Shot-2019-03-19-at-1.33.27-PM-600x492.png 600w, https://myagingandwellness.com/wp-content/uploads/2018/08/Screen-Shot-2019-03-19-at-1.33.27-PM.png 1060w\" sizes=\"(max-width: 300px) 100vw, 300px\" /><p id=\"caption-attachment-8761\" class=\"wp-caption-text\"><a href=\"https://myagingandwellness.lpages.co/7-step-detox-guide-from-share\">7 step-by-step guide to look and feel amazing</a></p></div>\n","featured_media":null},"site":{"siteMetadata":{"title":"A sample site using gatsby-source-wordpress","subtitle":"Data fetched from a site hosted on wordpress.com"}}},"pageContext":{"isCreatedByStatefulCreatePages":false,"id":"0a1eb5e4-f6f9-56d6-8a91-d3640db39ce5"}}