{"data":{"wordpressPost":{"title":"Naturtint Hair Color Review!","content":"\n<figure class=\"wp-block-embed-youtube wp-block-embed is-type-video is-provider-youtube wp-embed-aspect-16-9 wp-has-aspect-ratio\"><div class=\"wp-block-embed__wrapper\">\n<iframe width=\"625\" height=\"352\" src=\"https://www.youtube.com/embed/kVXuRiXjf8U?feature=oembed\" frameborder=\"0\" allow=\"accelerometer; autoplay; encrypted-media; gyroscope; picture-in-picture\" allowfullscreen></iframe>\n</div><figcaption>Plant based hair color that actually makes your hair healthier!</figcaption></figure>\n\n\n\n<p>If you want to feel better, look better and have an insane amount of energy in just 14 days!&nbsp;</p>\n\n\n\n<p>Then click the link below to get your FREE &#8220;7 Step-by-Step Guide to and feel amazing! </p>\n\n\n\n<p><a href=\"https://myagingandwellness.lpages.co/7-step-detox-guide-from-share\">https://myagingandwellness.lpages.co/7-step-detox-guide-from-share</a></p>\n\n\n\n<figure class=\"wp-block-image\"><img src=\"https://myagingandwellness.com/wp-content/uploads/2018/08/Screen-Shot-2019-03-19-at-1.33.27-PM-1024x840.png\" alt=\"7 step-by-step guide to look and feel amazing\" class=\"wp-image-8761\" srcset=\"https://myagingandwellness.com/wp-content/uploads/2018/08/Screen-Shot-2019-03-19-at-1.33.27-PM-1024x840.png 1024w, https://myagingandwellness.com/wp-content/uploads/2018/08/Screen-Shot-2019-03-19-at-1.33.27-PM-300x246.png 300w, https://myagingandwellness.com/wp-content/uploads/2018/08/Screen-Shot-2019-03-19-at-1.33.27-PM-768x630.png 768w, https://myagingandwellness.com/wp-content/uploads/2018/08/Screen-Shot-2019-03-19-at-1.33.27-PM-624x512.png 624w, https://myagingandwellness.com/wp-content/uploads/2018/08/Screen-Shot-2019-03-19-at-1.33.27-PM-600x492.png 600w, https://myagingandwellness.com/wp-content/uploads/2018/08/Screen-Shot-2019-03-19-at-1.33.27-PM.png 1060w\" sizes=\"(max-width: 1024px) 100vw, 1024px\" /><figcaption>7 step-by-step guide to look and feel amazing</figcaption></figure>\n","featured_media":null},"site":{"siteMetadata":{"title":"A sample site using gatsby-source-wordpress","subtitle":"Data fetched from a site hosted on wordpress.com"}}},"pageContext":{"isCreatedByStatefulCreatePages":false,"id":"453b9d7f-73de-5334-b653-533221a9ff8d"}}