{"data":{"wordpressPost":{"title":"Reduce free radical exposure","content":"<p>&nbsp;</p>\n<p>If you read this blog then you know that I have been writing a lot lately about free radicals and how they can damage our cells and, how they fast forward the aging process.  They also fast forward disease and unfortunately, death.</p>\n<p>Mother Nature has provided us with all the necessary ingredients to fight free radicals such essential nutrients and plant based foods.</p>\n<p>Without getting too rigid or making a rapid life change, here are things you can do to reduce your exposure to free radical damage:</p>\n<ul>\n<li>Eat organic, pesticide free foods.</li>\n<li>Don’t eat foods or drink anything with dye or additives.</li>\n<li>Drink only filtered and purified water.</li>\n<li>Avoid exposure to chemicals (this means perfume and hairspray too).</li>\n<li>Avoid exposure to pollution. Stay off busy streets when running/exercising.</li>\n<li>Only get any type of X-ray when absolutely needed.</li>\n<li>Only take medicines when absolutely needed.</li>\n</ul>\n<p>&nbsp;</p>\n<p>It’s normal for our bodies to generate free radicals.  They are a by-product of our bodies metabolic functions like when cells use oxygen to transfer food into energy.  Our bodies expect this kind of thing so it is armed and ready to to naturally grab these suckers before they can harm us.</p>\n<p>What our bodies can&#8217;t handle is an overload!</p>\n<p>&nbsp;</p>\n<p style=\"text-align: center;\"><strong>If you would like to get my PDF on how to get started here is the link below</strong>:</p>\n<p style=\"text-align: center;\"><img class=\"\" src=\"https://myagingandwellness.com/wp-admin/admin-ajax.php?action=imgedit-preview&amp;_ajax_nonce=c3b68c6a16&amp;postid=98&amp;rand=3394\" width=\"148\" height=\"148\" /></p>\n<p>&nbsp;</p>\n<p style=\"text-align: center;\"><a href=\"https://theresaskrobanek.leadpages.co/the-5-huge-mistakes\"><strong>https://theresaskrobanek.leadpages.co/the-5-huge-mistakes-/</strong></a></p>\n<p style=\"text-align: center; margin: 9.6pt 0in 9.6pt 0in;\" align=\"center\"><em><span style=\"font-size: 10.0pt; font-family: 'Verdana','sans-serif'; color: #111111;\">Before you go, I created “The 7 Steps to Rejuvenate and Renewal.” In just seven</span></em></p>\n<p style=\"text-align: center;\" align=\"center\"><em><span style=\"font-size: 10.0pt; font-family: 'Verdana','sans-serif'; color: #111111;\">steps you can feel amazing without depriving your self!  Click the link below:</span></em></p>\n<p style=\"text-align: center;\" align=\"center\"><em><span style=\"font-size: 10.0pt; font-family: 'Verdana','sans-serif'; color: #111111;\">THE REJUVENATION AND RENEWAL PLAN</span></em></p>\n<p style=\"text-align: center;\" align=\"center\"><strong><i><span style=\"font-size: 10.0pt; font-family: 'Verdana','sans-serif'; color: #111111;\"><a href=\"https://theresaskrobanek.leadpages.co/rejuvenate-renew/\"><span style=\"color: #ba1111; text-decoration: none; text-underline: none;\">https://theresaskrobanek.leadpages.co/rejuvenate-renew/</span></a></span></i></strong></p>\n","featured_media":{"localFile":null}},"site":{"siteMetadata":{"title":"A sample site using gatsby-source-wordpress","subtitle":"Data fetched from a site hosted on wordpress.com"}}},"pageContext":{"isCreatedByStatefulCreatePages":false,"id":"896bcd50-a1f4-58b4-bb2b-108c69765925"}}