{"data":{"wordpressPost":{"title":"Beauty Mole and Brown Spot Removal Pen Review","content":"<h1><span style=\"color: #ff00ff;\">Beauty Mole and Brown Spot Removal Pen Review</span></h1>\n<p>&nbsp;</p>\n<p><iframe src=\"https://player.vimeo.com/video/255279835?app_id=122963\" width=\"625\" height=\"352\" frameborder=\"0\" title=\"Brown spot and mole remover pen\" webkitallowfullscreen mozallowfullscreen allowfullscreen></iframe></p>\n<p>&nbsp;</p>\n<p>I&#8217;ve had brown spots for the past ten years.  I&#8217;ve had procedures to burn them off.  I used acids, peels, and other things to get rid of them and no luck!</p>\n<p>I in my newsfeed I saw an ad for a spot remover pen.</p>\n<p>I bought it, and when I finally got it (after waiting a month), it wouldn&#8217;t hold a charge so, needless to say, it didn&#8217;t work.</p>\n<p>I did get it to hold a charge for about thirty seconds once but, again, it just didn&#8217;t work.</p>\n<p>I went to Amazon.com and ordered the <a href=\"http://amzn.to/2H3yaxA\">&#8220;Beauty Mole and Brown Spot Removal Pen&#8221;</a></p>\n<h4 style=\"text-align: center;\">Beauty Mole and Brown Spot Removal Pen Review</h4>\n<p>At first, I thought it was going to be like the first pen I bought because I had a hard time turning it on.</p>\n<p>Turns out, it was me being impatient and not following directions.</p>\n<p>The thing about me is that I WANT RESULTS FAST!</p>\n<p>After reading the directions, I did get it to turn on and immediately it worked!</p>\n<p>The key is to hold down the on/off button for about five seconds and then it turns on.</p>\n<p>Next step is to put the  <a href=\"http://amzn.to/2H3yaxA\">&#8220;Beauty Mole and Brown Spot Removal Pen&#8221;</a> straight down on the spot rather than to the side.</p>\n<p>Instantly the pen starts burning the spot off.  You can smell your skin burning (I know, gross, but it works).</p>\n<p>I did two spots because I wanted to see how it heels before I move on to other areas of my body.  I have a lot of spots from sun damage and taking estrogen when I turned fifty 🙁</p>\n<p>So my review of the  <a href=\"http://amzn.to/2H3yaxA\">&#8220;Beauty Mole and Brown Spot Removal Pen&#8221;</a> is good.</p>\n<p>I think it works and for $26.00 it&#8217;s also a novelty in that, I have wasted far more money on anti-aging and beauty products that did way less.</p>\n<p>One last thing.  You will have a very visible wound where you removed the spots.  It takes about five days to heal.</p>\n<p>When it healed, the spot wasn&#8217;t completely gone but it was fifty percent less.  I&#8217;m sure I could have gone deeper initially</p>\n<p>I&#8217;m sure I could have gone deeper initially and had better results.</p>\n<p>However, I can now go back over the spot and repeat the process until it&#8217;s gone (I am hoping).</p>\n<p>Here&#8217;s the link:  <a href=\"http://amzn.to/2H3yaxA\">&#8220;Beauty Mole and Brown Spot Removal Pen&#8221;</a></p>\n<p>&nbsp;</p>\n<p><img class=\"wp-image-8083 aligncenter\" src=\"https://myagingandwellness.com/wp-content/uploads/2018/02/Screen-Shot-2018-02-11-at-1.15.58-PM-300x240.png\" alt=\"\" width=\"343\" height=\"274\" srcset=\"https://myagingandwellness.com/wp-content/uploads/2018/02/Screen-Shot-2018-02-11-at-1.15.58-PM-300x240.png 300w, https://myagingandwellness.com/wp-content/uploads/2018/02/Screen-Shot-2018-02-11-at-1.15.58-PM-768x614.png 768w, https://myagingandwellness.com/wp-content/uploads/2018/02/Screen-Shot-2018-02-11-at-1.15.58-PM-624x499.png 624w, https://myagingandwellness.com/wp-content/uploads/2018/02/Screen-Shot-2018-02-11-at-1.15.58-PM-600x480.png 600w, https://myagingandwellness.com/wp-content/uploads/2018/02/Screen-Shot-2018-02-11-at-1.15.58-PM.png 840w\" sizes=\"(max-width: 343px) 100vw, 343px\" /></p>\n<p>&nbsp;</p>\n<p>* I do get a small commission if you order through my link but, by all means, you don&#8217;t have to order from my link, just go on Amazon!</p>\n<p>&nbsp;</p>\n<h2 style=\"text-align: left;\"><span style=\"color: #ff00ff;\">If you want smoother skin without needles, filters or a surgeon then check out </span><span style=\"color: #ff00ff;\">my four-step course on how to get &#8220;Smoother Skin&#8221; at home!  Trust me, it really works!</span></h2>\n<h2 style=\"text-align: center;\"> <a href=\"https://how-to-get-smoother-skin.teachable.com\"> https://how-to-get-smoother-skin.teachable.com</a></h2>\n<div id=\"attachment_8372\" style=\"width: 310px\" class=\"wp-caption alignnone\"><img aria-describedby=\"caption-attachment-8372\" class=\"size-medium wp-image-8372\" src=\"https://myagingandwellness.com/wp-content/uploads/2018/06/hello-300x169.png\" alt=\"Smooth Skin Course\" width=\"300\" height=\"169\" srcset=\"https://myagingandwellness.com/wp-content/uploads/2018/06/hello-300x169.png 300w, https://myagingandwellness.com/wp-content/uploads/2018/06/hello-768x432.png 768w, https://myagingandwellness.com/wp-content/uploads/2018/06/hello-1024x576.png 1024w, https://myagingandwellness.com/wp-content/uploads/2018/06/hello-624x351.png 624w, https://myagingandwellness.com/wp-content/uploads/2018/06/hello-600x338.png 600w\" sizes=\"(max-width: 300px) 100vw, 300px\" /><p id=\"caption-attachment-8372\" class=\"wp-caption-text\">How to get smooth skin at home</p></div>\n<div class=\"mceTemp\"></div>\n<p>&nbsp;</p>\n<p>&nbsp;</p>\n","featured_media":{"localFile":{"childImageSharp":{"resolutions":{"src":"/static/5048220b31e950b10806f0de3bab1f84/c0005/Screen-Shot-2018-02-11-at-1.15.58-PM.png","width":300,"height":300}}}}},"site":{"siteMetadata":{"title":"A sample site using gatsby-source-wordpress","subtitle":"Data fetched from a site hosted on wordpress.com"}}},"pageContext":{"isCreatedByStatefulCreatePages":false,"id":"61a538a5-3512-598f-bcd1-0d29b383bf67"}}