{"data":{"wordpressPost":{"title":"How to resist colds and viruses the natural way","content":"<h2 style=\"text-align: center;\"><span style=\"color: #ff00ff;\">How to resist colds and viruses the natural way</span></h2>\n<p>&nbsp;</p>\n<p style=\"text-align: left;\">It&#8217;s crazy that there is no cure for the common cold yet.  I say this as I am starting to get a sore throat and a pressure in my chest.</p>\n<p style=\"text-align: left;\">I hate getting colds (duh! Who doesn&#8217;t right?) and, fortunately, I only get them every few years.  I seem to get them more when I travel a lot.</p>\n<p style=\"text-align: left;\">Okay, with that said, I hate taking medicine so I usually suffer and ride out the cold all while feeling run down at work and hiding inside until the symptoms have passed.</p>\n<h2 style=\"text-align: center;\"><span style=\"color: #ff00ff;\">How to resist colds and viruses the natural way</span></h2>\n<p>&nbsp;</p>\n<p>So what exactly is the best way to resist colds and viruses the natural way?  Colds are caused by about 200 viruses that are constantly mutating.  As you may guess, trying to find a cure is light trying to hit a moving target.</p>\n<p>According to some statistics, we can get a cold up to four times a year, and a child can get about twelve per year!</p>\n<p>Most households have a ton of medicines to fight the symptoms of a cold, but as stated, there is no cure for the common cold.</p>\n<p>Of course, it&#8217;s better to avoid getting a cold by washing your hands, keeping your hands away from your mouth, nose, and eyes.  Viruses penetrate our protective mucus and then quickly make a home in our throat.  This is me right now 🙁</p>\n<p>Once you feel the symptoms, the virus has replicated at least 10 to 12 hours.</p>\n<p>Once you get a cold, rest, hydrate, sip green and herbal teas.</p>\n<h2 style=\"text-align: center;\"><span style=\"color: #ff00ff;\">Some safe and effective alternatives to fighting a cold</span></h2>\n<p>&nbsp;</p>\n<p>Once you have a cold you may want to ease congestion with a peppermint or eucalyptus steam as follows:</p>\n<ol>\n<li>Pour 1 1/2 quarts of boiling water into a heatproof bowl.</li>\n<li>Add about 8 to 10 drops of either peppermint or eucalyptus essential oil or mix half and half.</li>\n<li>Put a towel over your head and breath in the steam for about five to ten minutes.</li>\n<li>Don&#8217;t get too close to the steam as you can burn yourself.</li>\n<li>BREATHE 🙂</li>\n</ol>\n<p>If you would like to fight germs the natural way rather than with chemicals, try natural antimicrobial soap.</p>\n<h2 style=\"text-align: center;\"><span style=\"color: #ff00ff;\">It&#8217;s easy to make and here&#8217;s the recipe for hand soap:</span></h2>\n<ol>\n<li> 6 ounces of natural liquid soap.</li>\n<li>30 drops of eucalyptus essential oil.</li>\n<li>30 drops of lavender essential oil.</li>\n<li>15 drops of orange essential oil.</li>\n<li>2 drops of tea tree oil.</li>\n</ol>\n<p>Put all ingredients in a glass pump dispenser.</p>\n<p>&nbsp;</p>\n<h2 style=\"text-align: center;\"><span style=\"color: #ff00ff;\">If you would like to find more ways to Rejuvenate.  I have created a six-step course called &#8220;The Rejuvenation Program&#8221;</span></h2>\n<h2 style=\"text-align: center;\"><span style=\"color: #ff00ff;\"> You can check it out by clicking this link: <a href=\"http://www.therejuvenationprogram.com\">http://www.therejuvenationprogram.com</a></span></h2>\n<p>&nbsp;</p>\n<p>&nbsp;</p>\n<p>&nbsp;</p>\n","featured_media":null},"site":{"siteMetadata":{"title":"A sample site using gatsby-source-wordpress","subtitle":"Data fetched from a site hosted on wordpress.com"}}},"pageContext":{"isCreatedByStatefulCreatePages":false,"id":"d2373fd1-0975-5052-9a3a-d762d9b132ca"}}