{"data":{"wordpressPost":{"title":"Figure membrane force eyelash mascara review!","content":"<p> </p>\n<h1 style=\"text-align: center;\"><span style=\"color: #ff00ff;\">Figure membrane force eyelash mascara review 🤔</span></h1>\n<p> </p>\n<p><iframe width=\"625\" height=\"352\" src=\"https://www.youtube.com/embed/9jYj3HrW_vc?feature=oembed\" frameborder=\"0\" allow=\"accelerometer; autoplay; encrypted-media; gyroscope; picture-in-picture\" allowfullscreen></iframe></p>\n<p> </p>\n<p class=\"p1\">If you want to seriously get smoother skin then check out my &#8220;Smooth Skin&#8221; course.  Just four quick steps to make your skin younger guaranteed!  Click the link to watch the video: <a href=\"https://how-to-get-smoother-skin.teachable.com/p/smooth-skin\"><span class=\"s1\"> https://how-to-get-smoother-skin.teachable.com/p/smooth-skin</span></a></p>\n<div id=\"attachment_8770\" style=\"width: 310px\" class=\"wp-caption alignnone\"><img aria-describedby=\"caption-attachment-8770\" class=\"size-medium wp-image-8770\" src=\"https://myagingandwellness.com/wp-content/uploads/2019/03/Screen-Shot-2019-03-19-at-2.36.22-PM-300x200.png\" alt=\"How to get smooth skin\" width=\"300\" height=\"200\" srcset=\"https://myagingandwellness.com/wp-content/uploads/2019/03/Screen-Shot-2019-03-19-at-2.36.22-PM-300x200.png 300w, https://myagingandwellness.com/wp-content/uploads/2019/03/Screen-Shot-2019-03-19-at-2.36.22-PM-768x511.png 768w, https://myagingandwellness.com/wp-content/uploads/2019/03/Screen-Shot-2019-03-19-at-2.36.22-PM-1024x681.png 1024w, https://myagingandwellness.com/wp-content/uploads/2019/03/Screen-Shot-2019-03-19-at-2.36.22-PM-624x415.png 624w, https://myagingandwellness.com/wp-content/uploads/2019/03/Screen-Shot-2019-03-19-at-2.36.22-PM-600x399.png 600w, https://myagingandwellness.com/wp-content/uploads/2019/03/Screen-Shot-2019-03-19-at-2.36.22-PM.png 1230w\" sizes=\"(max-width: 300px) 100vw, 300px\" /><p id=\"caption-attachment-8770\" class=\"wp-caption-text\">How to get smooth skin</p></div>\n<p> </p>\n<p class=\"p1\">If you want to feel better, look better and have an insane amount of energy in just 14 days!</p>\n<p class=\"p1\">Then click the link below to get your FREE &#8220;7 Step-by-Step Guide to and feel amazing!</p>\n<p><a href=\"https://myagingandwellness.lpages.co/7-step-detox-guide-from-share\">https://myagingandwellness.lpages.co/7-step-detox-guide-from-share</a></p>\n<div id=\"attachment_8761\" style=\"width: 310px\" class=\"wp-caption alignnone\"><img aria-describedby=\"caption-attachment-8761\" class=\"size-medium wp-image-8761\" src=\"https://myagingandwellness.com/wp-content/uploads/2018/08/Screen-Shot-2019-03-19-at-1.33.27-PM-300x246.png\" alt=\"7 step-by-step guide to look and feel amazing\" width=\"300\" height=\"246\" srcset=\"https://myagingandwellness.com/wp-content/uploads/2018/08/Screen-Shot-2019-03-19-at-1.33.27-PM-300x246.png 300w, https://myagingandwellness.com/wp-content/uploads/2018/08/Screen-Shot-2019-03-19-at-1.33.27-PM-768x630.png 768w, https://myagingandwellness.com/wp-content/uploads/2018/08/Screen-Shot-2019-03-19-at-1.33.27-PM-1024x840.png 1024w, https://myagingandwellness.com/wp-content/uploads/2018/08/Screen-Shot-2019-03-19-at-1.33.27-PM-624x512.png 624w, https://myagingandwellness.com/wp-content/uploads/2018/08/Screen-Shot-2019-03-19-at-1.33.27-PM-600x492.png 600w, https://myagingandwellness.com/wp-content/uploads/2018/08/Screen-Shot-2019-03-19-at-1.33.27-PM.png 1060w\" sizes=\"(max-width: 300px) 100vw, 300px\" /><p id=\"caption-attachment-8761\" class=\"wp-caption-text\">7 step-by-step guide to look and feel amazing</p></div>\n<p> </p>\n<p> </p>\n\n\n<p></p>\n","featured_media":{"localFile":{"childImageSharp":{"resolutions":{"src":"/static/177d367ef3d269528167cbee0b045da1/c0005/Untitled-design-4-copy-3.png","width":300,"height":300}}}}},"site":{"siteMetadata":{"title":"A sample site using gatsby-source-wordpress","subtitle":"Data fetched from a site hosted on wordpress.com"}}},"pageContext":{"isCreatedByStatefulCreatePages":false,"id":"75c36c3e-7313-555a-95a1-dac6eded1e13"}}