{"data":{"wordpressPost":{"title":"i love organic food!","content":"<p>Duis autem eum iriure dolor in hendrerit vulputate velit molestieconsequat vel illum dolor vel mazim placerat facer Duis autem</p>\n","featured_media":{"localFile":{"childImageSharp":{"resolutions":{"src":"/static/009887b9b312ba7680403e35f387b8be/07d45/1.jpg","width":270,"height":270}}}}},"site":{"siteMetadata":{"title":"A sample site using gatsby-source-wordpress","subtitle":"Data fetched from a site hosted on wordpress.com"}}},"pageContext":{"isCreatedByStatefulCreatePages":false,"id":"90fa420d-d3df-5071-b5a2-5755d090cdc6"}}