{"data":{"wordpressPost":{"title":"This purple highlighter is amazing for us women!","content":"<h2 style=\"text-align: center;\"><span style=\"color: #0000ff;\">This purple highlighter is amazing for us women!</span></h2>\n<p><iframe width=\"625\" height=\"352\" src=\"https://www.youtube.com/embed/-iwNWCplIeM?feature=oembed\" frameborder=\"0\" allow=\"autoplay; encrypted-media\" allowfullscreen></iframe></p>\n<p>The highlighter is Sephora&#8217;s brand and you can buy it in their store.</p>\n<p>&nbsp;</p>\n<h3 style=\"text-align: center;\"><span style=\"color: #ff00ff;\">If you seriously want smoother skin without needles, plastic surgeons or fillers then check out “The Smooth Skin Course” where I show you how to do it at home fast!  <a style=\"color: #ff00ff;\" href=\"https://how-to-get-smoother-skin.teachable.com\">https://how-to-get-smoother-skin.teachable.com</a></span></h3>\n","featured_media":{"localFile":{"childImageSharp":{"resolutions":{"src":"/static/361e9ae8e7a0c9e3523e5ba1582b8126/c0005/Screen-Shot-2018-02-16-at-1.51.48-PM.png","width":300,"height":300}}}}},"site":{"siteMetadata":{"title":"A sample site using gatsby-source-wordpress","subtitle":"Data fetched from a site hosted on wordpress.com"}}},"pageContext":{"isCreatedByStatefulCreatePages":false,"id":"c5116c7d-97ff-5ff0-8fbc-2e1795b0556f"}}