{"data":{"wordpressPost":{"title":"How to eat fish safely","content":"<p style=\"text-align: center;\">How to eat fish safely</p>\n<p style=\"text-align: justify;\">If you want to eat fish then eat it safely and here&#8217;s how:</p>\n<ul style=\"text-align: justify;\">\n<li>Limit the amount you eat per week to two to three ounces.</li>\n<li>Eat cold water fish because they are the furthest away from the cities that dump the chemicals, etc. in the water.</li>\n<li>Eat only fresh and not canned, packaged, processed.</li>\n<li>Eat fresh salmon and cod.</li>\n<li>Don&#8217;t eat fish that live in coastal waters.</li>\n<li>Don&#8217;t eat fish that live on the top of the food chain because they have the highest amount of toxins from eating smaller fish.</li>\n<li>Make sure you cook your fish thoroughly to avoid tapeworms, viruses, parasites and bacteria.</li>\n<li>Avoid deep fried fish as it destroys the omega-3 fatty acids.  Deep frying also causes free radicals and, adds way too much saturated fat.</li>\n</ul>\n<p style=\"text-align: justify;\">*How to eat fish safely</p>\n<p style=\"text-align: center; margin: 9.6pt 0in 9.6pt 0in;\" align=\"center\"><em><span style=\"font-size: 10.0pt; font-family: 'Verdana','sans-serif'; color: #111111;\">Before you go, I created “The 7 Steps to Rejuvenate and Renewal.” In just seven</span></em></p>\n<p style=\"text-align: center;\" align=\"center\"><em><span style=\"font-size: 10.0pt; font-family: 'Verdana','sans-serif'; color: #111111;\">steps you can feel amazing without depriving your self!  Click the link below:</span></em></p>\n<p style=\"text-align: center;\" align=\"center\"><em><span style=\"font-size: 10.0pt; font-family: 'Verdana','sans-serif'; color: #111111;\">THE REJUVENATION AND RENEWAL PLAN</span></em></p>\n<p style=\"text-align: center;\" align=\"center\"><strong><i><span style=\"font-size: 10.0pt; font-family: 'Verdana','sans-serif'; color: #111111;\"><a href=\"https://theresaskrobanek.leadpages.co/rejuvenate-renew/\"><span style=\"color: #ba1111; text-decoration: none; text-underline: none;\">https://theresaskrobanek.leadpages.co/rejuvenate-renew/</span></a></span></i></strong></p>\n","featured_media":{"localFile":{"childImageSharp":{"resolutions":{"src":"/static/8c7d4bab82149a627182129e2d2fd8d1/1a478/38346608_s-400x280.jpg","width":300,"height":300}}}}},"site":{"siteMetadata":{"title":"A sample site using gatsby-source-wordpress","subtitle":"Data fetched from a site hosted on wordpress.com"}}},"pageContext":{"isCreatedByStatefulCreatePages":false,"id":"56f8b99b-90af-5dbe-a4dd-4236b5c9e0a8"}}