{"data":{"wordpressPost":{"title":"Crepe Erase Review","content":"<p>&nbsp;</p>\n<p>&nbsp;</p>\n<h1 style=\"text-align: center;\"><span style=\"color: #ff00ff;\">Crepe Erase Review</span></h1>\n<p>&nbsp;</p>\n<h3 style=\"text-align: center;\">&#8220;The truth about anti-aging products&#8221;</h3>\n<div class=\"\" data-block=\"true\" data-editor=\"d8qbp\" data-offset-key=\"db5o1-0-0\">\n<div class=\"_1mf _1mj\" data-offset-key=\"db5o1-0-0\"><span data-offset-key=\"db5o1-0-0\"> </span></div>\n</div>\n<div class=\"\" data-block=\"true\" data-editor=\"d8qbp\" data-offset-key=\"11dk9-0-0\">\n<div class=\"_1mf _1mj\" data-offset-key=\"11dk9-0-0\"></div>\n</div>\n<p>&nbsp;</p>\n<p><iframe width=\"625\" height=\"352\" src=\"https://www.youtube.com/embed/XjnMYUpcEM8?feature=oembed\" frameborder=\"0\" allow=\"autoplay; encrypted-media\" allowfullscreen></iframe></p>\n<p>&nbsp;</p>\n<h3 style=\"text-align: center;\"><span style=\"color: #ff00ff;\">If you seriously want to have younger skin without paying a doctor then check out my 4 step course here: </span></h3>\n<h3 style=\"text-align: center;\"><span style=\"color: #0000ff;\"><a style=\"color: #0000ff;\" href=\"https://how-to-get-smoother-skin.teachable.com\">https://how-to-get-smoother-skin.teachable.com</a></span></h3>\n<div id=\"attachment_8372\" style=\"width: 310px\" class=\"wp-caption aligncenter\"><img aria-describedby=\"caption-attachment-8372\" class=\"size-medium wp-image-8372\" src=\"https://myagingandwellness.com/wp-content/uploads/2018/06/hello-300x169.png\" alt=\"Smooth Skin Course\" width=\"300\" height=\"169\" srcset=\"https://myagingandwellness.com/wp-content/uploads/2018/06/hello-300x169.png 300w, https://myagingandwellness.com/wp-content/uploads/2018/06/hello-768x432.png 768w, https://myagingandwellness.com/wp-content/uploads/2018/06/hello-1024x576.png 1024w, https://myagingandwellness.com/wp-content/uploads/2018/06/hello-624x351.png 624w, https://myagingandwellness.com/wp-content/uploads/2018/06/hello-600x338.png 600w\" sizes=\"(max-width: 300px) 100vw, 300px\" /><p id=\"caption-attachment-8372\" class=\"wp-caption-text\">How to get smooth skin at home</p></div>\n<p>&nbsp;</p>\n","featured_media":{"localFile":{"childImageSharp":{"resolutions":{"src":"/static/3b0c23aebc39b8740cfc30238c29b64b/5f890/Screen-Shot-2018-02-13-at-5.43.17-PM.png","width":270,"height":270}}}}},"site":{"siteMetadata":{"title":"A sample site using gatsby-source-wordpress","subtitle":"Data fetched from a site hosted on wordpress.com"}}},"pageContext":{"isCreatedByStatefulCreatePages":false,"id":"6dd95773-b7d1-5e53-a1a8-35b9e0f440d7"}}