{"data":{"wordpressPost":{"title":"Dealing with Psoriasis","content":"<h1></h1>\n<h1 style=\"text-align: center;\"><span style=\"color: #ff00ff;\">Dealing with Psoriasis</span></h1>\n<p>&nbsp;</p>\n<p><iframe width=\"625\" height=\"352\" src=\"https://www.youtube.com/embed/woIkowDlZ68?feature=oembed\" frameborder=\"0\" allow=\"autoplay; encrypted-media\" allowfullscreen></iframe></p>\n<p>&nbsp;</p>\n<h2><span style=\"color: #ff00ff;\"><em>If you would like to find more ways to Rejuvenate.  I have created a six-step course called &#8220;The Rejuvenation Program&#8221;  You can check it out by clicking this link: <a href=\"http://www.therejuvenationprogram.com\"><span style=\"color: #3366ff;\">http://www.therejuvenationprogram.com</span></a></em></span></h2>\n<p>&nbsp;</p>\n<p>&nbsp;</p>\n<p>&nbsp;</p>\n","featured_media":{"localFile":null}},"site":{"siteMetadata":{"title":"A sample site using gatsby-source-wordpress","subtitle":"Data fetched from a site hosted on wordpress.com"}}},"pageContext":{"isCreatedByStatefulCreatePages":false,"id":"27d70c82-ddbf-5ab1-8461-9b5895881284"}}