{"data":{"wordpressPost":{"title":"Are married couples really happy?","content":"<p style=\"text-align: justify;\">Are married couples really happy?</p>\n<p style=\"text-align: justify;\">After a deep and dreaded argument with my husband, a fight that seemed to cut much deeper than our regular bickering that we do on a daily basis, I asked my daughter to confirm the answer to a question that I had and that was</p>\n<p style=\"text-align: justify;\">“Is any married couple really happy?”  And, “What couple can you name that is happily married?”</p>\n<p style=\"text-align: justify;\">As we went through the list of every married couple we know, we couldn’t come up with a single couple that we could use as an example of being truly passionate ( like in the movies) and, it didn’t matter how long they were married.</p>\n<p style=\"text-align: justify;\">Now I know that even the healthiest marriages aren’t 100% conflict free.  Couples have to settle into the real world of jobs, bills, kids, etc. but I’d like to think that there are couples who have a lot of passion just as they may have had since day one.</p>\n<p style=\"text-align: justify;\">The question I have is, for us women  did we have passion in the beginning and then we lost it  or, no passion at all or worse, did we just get bitter and become bitchy?</p>\n<p style=\"text-align: justify;\">I sat down with my husband and asked him what he didn’t like about our relationship and about me.  Of course I was totally expecting him to say “There is nothing wrong with us and especially, nothing wrong with you.&#8221;</p>\n<p style=\"text-align: justify;\">Matter of fact, I don’t think that you shop or go to the spa enough is what I was hoping for.  (Okay, that was me dreaming while he was talking).  But instead, he seemed to be elated that I had finally asked.</p>\n<p style=\"text-align: justify;\">Here it comes! “I want us to think alike and I want us to be more on the same page.” Translation: I want you to be less like you and more like me.</p>\n<p style=\"text-align: justify;\">Instead of blurting out the word “Whatever” like I usually do, I thought I would try something different and give him what he wants for the next ninety days to see if it makes a difference or it compromises who I am.</p>\n<p style=\"text-align: justify;\">So, here is to the next ninety days to stop being me and and be a better wife.</p>\n<p style=\"text-align: justify;\">I&#8217;ll keep you posted!</p>\n<p style=\"text-align: center; margin: 9.6pt 0in 9.6pt 0in;\" align=\"center\"><em><span style=\"font-size: 10.0pt; font-family: 'Verdana','sans-serif'; color: #111111;\">Before you go, I created “The 7 Steps to Rejuvenate and Renewal.” In just seven</span></em></p>\n<p style=\"text-align: center;\" align=\"center\"><em><span style=\"font-size: 10.0pt; font-family: 'Verdana','sans-serif'; color: #111111;\">steps you can feel amazing without depriving your self!  Click the link below:</span></em></p>\n<p style=\"text-align: center;\" align=\"center\"><em><span style=\"font-size: 10.0pt; font-family: 'Verdana','sans-serif'; color: #111111;\">THE REJUVENATION AND RENEWAL PLAN</span></em></p>\n<p style=\"text-align: center;\" align=\"center\"><strong><i><span style=\"font-size: 10.0pt; font-family: 'Verdana','sans-serif'; color: #111111;\"><a href=\"https://theresaskrobanek.leadpages.co/rejuvenate-renew/\"><span style=\"color: #ba1111; text-decoration: none; text-underline: none;\">https://theresaskrobanek.leadpages.co/rejuvenate-renew/</span></a></span></i></strong></p>\n<p>&nbsp;</p>\n","featured_media":{"localFile":null}},"site":{"siteMetadata":{"title":"A sample site using gatsby-source-wordpress","subtitle":"Data fetched from a site hosted on wordpress.com"}}},"pageContext":{"isCreatedByStatefulCreatePages":false,"id":"3c9ea614-a99c-5b8c-a7c6-6c504bd9f53e"}}