{"data":{"wordpressPost":{"title":"My Neatcell Laser Review","content":"<h2 style=\"text-align: center;\"><span style=\"color: #ff00ff;\">My Neatcell Laser Review</span></h2>\n<p>&nbsp;</p>\n<p><iframe width=\"625\" height=\"469\" src=\"https://www.youtube.com/embed/xpLFVk3BdGM?feature=oembed\" frameborder=\"0\" allow=\"autoplay; encrypted-media\" allowfullscreen></iframe></p>\n<p>&nbsp;</p>\n<h2 style=\"text-align: center;\"><span style=\"color: #ff00ff;\">If you seriously want to have younger skin without paying a doctor then check out my 4 step course here: <span style=\"color: #000000;\"><a style=\"color: #000000;\" href=\"https://how-to-get-smoother-skin.teachable.com\">https://how-to-get-smoother-skin.teachable.com</a></span></span></h2>\n","featured_media":{"localFile":{"childImageSharp":{"resolutions":{"src":"/static/8513e7d2e487f4f6401c836b10aa23d5/1a478/Photo-on-8-23-18-at-3.29-PM-e1535387963889.jpg","width":300,"height":300}}}}},"site":{"siteMetadata":{"title":"A sample site using gatsby-source-wordpress","subtitle":"Data fetched from a site hosted on wordpress.com"}}},"pageContext":{"isCreatedByStatefulCreatePages":false,"id":"41db4bc5-484f-5308-9cca-ecd78ae464dc"}}