{"data":{"wordpressPost":{"title":"How to boost your hormones","content":"<h2 style=\"text-align: center;\"><span style=\"color: #ff00ff;\">How to boost your hormones</span></h2>\n<p>&nbsp;</p>\n<p><iframe width=\"625\" height=\"352\" src=\"https://www.youtube.com/embed/KThZhrpt5eY?feature=oembed\" frameborder=\"0\" allow=\"accelerometer; autoplay; encrypted-media; gyroscope; picture-in-picture\" allowfullscreen></iframe></p>\n","featured_media":{"localFile":{"childImageSharp":{"resolutions":{"src":"/static/c56707defce1f928d6c4c1b26ed4a9d1/c0005/Screen-Shot-2018-11-07-at-10.30.58-AM.png","width":300,"height":300}}}}},"site":{"siteMetadata":{"title":"A sample site using gatsby-source-wordpress","subtitle":"Data fetched from a site hosted on wordpress.com"}}},"pageContext":{"isCreatedByStatefulCreatePages":false,"id":"d18cb9f6-1973-52f9-9ee5-3f14746af97f"}}