{"data":{"wordpressPost":{"title":"Sugar ages us","content":"<p style=\"text-align: justify;\">Sugar Ages Us</p>\n<p style=\"text-align: justify;\">Sugar ages us by accelerating glucose molecules which attach themselves to proteins in the blood.</p>\n<p style=\"text-align: justify;\">This is called protein glycation and results in the production of glue like substances called AGEs (advanced glycosylation endproducts).</p>\n<p style=\"text-align: justify;\">These accumulate in our blood and stick to organs and tissues.  This in turn creates free radical damage.  This is when wrinkling of the skin occurs and could be a large contributor to Alzheimer&#8217;s disease and other forms of mental impairment.</p>\n<p style=\"text-align: justify;\">Sugar or AGE&#8217;s also contributeS to heart disease by binding directly to LDL cholesterol by creating free radicals that oxidize LDL.</p>\n<p style=\"text-align: justify;\">In general if we consume too much sugar, AGE&#8217;s causes free radical damage causing accelerated aging, reduced organ capacity, and fast biological aging.</p>\n<p style=\"text-align: justify;\">It the latest research on disease and aging, inflammation is the root cause of most disease and what causes inflammation? Sugar!</p>\n<p style=\"text-align: justify;\">Try and avoid sugar as much as possible if you want to avoid disease and accelerated aging.</p>\n<p style=\"text-align: center; margin: 9.6pt 0in 9.6pt 0in;\" align=\"center\"><em><span style=\"font-size: 10.0pt; font-family: 'Verdana','sans-serif'; color: #111111;\">Before you go, I created “The 7 Steps to Rejuvenate and Renewal.” In just seven</span></em></p>\n<p style=\"text-align: center;\" align=\"center\"><em><span style=\"font-size: 10.0pt; font-family: 'Verdana','sans-serif'; color: #111111;\">steps you can feel amazing without depriving your self!  Click the link below:</span></em></p>\n<p style=\"text-align: center;\" align=\"center\"><em><span style=\"font-size: 10.0pt; font-family: 'Verdana','sans-serif'; color: #111111;\">THE REJUVENATION AND RENEWAL PLAN</span></em></p>\n<p style=\"text-align: center;\" align=\"center\"><strong><i><span style=\"font-size: 10.0pt; font-family: 'Verdana','sans-serif'; color: #111111;\"><a href=\"https://theresaskrobanek.leadpages.co/rejuvenate-renew/\"><span style=\"color: #ba1111; text-decoration: none; text-underline: none;\">https://theresaskrobanek.leadpages.co/rejuvenate-renew/</span></a></span></i></strong></p>\n","featured_media":{"localFile":null}},"site":{"siteMetadata":{"title":"A sample site using gatsby-source-wordpress","subtitle":"Data fetched from a site hosted on wordpress.com"}}},"pageContext":{"isCreatedByStatefulCreatePages":false,"id":"06584820-1e9c-510c-8696-32d90b269f9d"}}