{"data":{"wordpressPost":{"title":"Rimmel Stay Matte Powder Review","content":"<h2 style=\"text-align: center;\"><span style=\"color: #ff00ff;\">Rimmel Stay Matte Powder Review</span></h2>\n<p>&nbsp;</p>\n<p>I have used so many powders on my face.  I like Estee Lauder, Clinique, Rhianna, and a few others.  I used these for years.  But, they can get costly.  Just recently, I ran out of powder and ran into Walgreens and found Rimmel Stay Matte Powder for only five bucks!</p>\n<p>I figured I didn&#8217;t have much to lose so I bought this powder and it was amazing!  Especially for the price.</p>\n<h3 style=\"text-align: center;\"><span style=\"color: #ff00ff;\">Here is my review video</span></h3>\n<p>&nbsp;</p>\n<p><iframe width=\"625\" height=\"352\" src=\"https://www.youtube.com/embed/mwxS_U25eNg?feature=oembed\" frameborder=\"0\" allow=\"autoplay; encrypted-media\" allowfullscreen></iframe></p>\n<p>&nbsp;</p>\n","featured_media":{"localFile":{"childImageSharp":{"resolutions":{"src":"/static/2ef5141e2b17233cc551551f0a876e18/1a478/Photo-on-9-25-18-at-1.05-PM.jpg","width":300,"height":300}}}}},"site":{"siteMetadata":{"title":"A sample site using gatsby-source-wordpress","subtitle":"Data fetched from a site hosted on wordpress.com"}}},"pageContext":{"isCreatedByStatefulCreatePages":false,"id":"291c81e6-3f5a-5096-9249-f1662350c0e4"}}