{"data":{"allWordpressPost":{"edges":[{"node":{"title":"Welcome to My Aging and Wellness&#8230;","excerpt":"<p>Hello everyone. Today is the new beginning of this blog! I say new because it’s been hacked and shut down</p>\n","slug":"hello-world-2","date":"August 06, 2015","tags":[{"name":"aging"},{"name":"over 40"},{"name":"over 50"},{"name":"over 60"},{"name":"over 70"},{"name":"over 80"}],"categories":[{"name":"Uncategorized"}],"featured_media":{"localFile":{"childImageSharp":{"resolutions":{"src":"/static/07144dd22ab54447c2e0894bc8d5b667/1ed7a/meandbrandi-2-400x280.jpg","width":222,"height":222}}}}}},{"node":{"title":"Do you want your face to look younger without Plastic Surgery?","excerpt":"<p>I have created a free PDF on how I avoid plastic surgery!  I promise it works and it only takes</p>\n","slug":"do-you-want-your-face-to-look-younger-without-plastic-surgery","date":"August 07, 2015","tags":[{"name":"avoid plastic surgery"},{"name":"brown spots"},{"name":"sagging skin"},{"name":"wrinkles"},{"name":"younger skin"}],"categories":[{"name":"Uncategorized"}],"featured_media":{"localFile":{"childImageSharp":{"resolutions":{"src":"/static/b0721a3f1aa301f25a3699b1273c2559/1ed7a/15496173_s-400x280.jpg","width":222,"height":222}}}}}},{"node":{"title":"What we think is truly who we are..","excerpt":"<p>For the last several months, I&#8217;ve been going through some personal issues.  While I won&#8217;t burden others with what they</p>\n","slug":"what-we-think-is-truly-who-we-are","date":"August 07, 2015","tags":[{"name":"acceptance"},{"name":"being alone"},{"name":"breakup"},{"name":"change your thoughts"},{"name":"depression"},{"name":"depression over 40"},{"name":"depression over 50"},{"name":"divorce"},{"name":"growing older"},{"name":"how to be happy"},{"name":"sadness"},{"name":"trouble times"}],"categories":[{"name":"Uncategorized"}],"featured_media":{"localFile":{"childImageSharp":{"resolutions":{"src":"/static/2f9a819096b212a286f8a6697f2dafef/1ed7a/mepicture-278x280.jpg","width":222,"height":222}}}}}},{"node":{"title":"Nothing like a good road trip to get you thinking about life&#8230;","excerpt":"<p>Nothing like a good road trip to get you thinking about life&#8230; This past weekend me and the girls took</p>\n","slug":"nothing-like-a-good-road-trip-to-get-you-thinking-about-life","date":"August 18, 2015","tags":[{"name":"be happy"},{"name":"feeling good"},{"name":"girls road trip"},{"name":"happiness"},{"name":"happy"},{"name":"happy thoughts"},{"name":"how to be happy"},{"name":"life"},{"name":"life after 50"},{"name":"road trip"},{"name":"time to think"},{"name":"turning 50"},{"name":"you can't make others happy"}],"categories":[{"name":"Uncategorized"}],"featured_media":{"localFile":{"childImageSharp":{"resolutions":{"src":"/static/71c42ace73f30bd7881f766b36fa2ec1/1ed7a/roadtrip.jpg","width":222,"height":222}}}}}},{"node":{"title":"Is it worth it to take medication?","excerpt":"<p>Is it worth it to take medication? About two years ago, my doctor put me on thyroid medication. Let me</p>\n","slug":"is-it-worth-it-to-take-medication","date":"August 19, 2015","tags":[{"name":"bio-identical"},{"name":"gluten"},{"name":"hashimoto disease"},{"name":"heart problems"},{"name":"Is it worth it to take medication?"},{"name":"low thyroid"},{"name":"pvc's"},{"name":"quality of life"},{"name":"should I take medication"},{"name":"thyroid"},{"name":"thyroid disease"}],"categories":[{"name":"Uncategorized"}],"featured_media":{"localFile":{"childImageSharp":{"resolutions":{"src":"/static/f32e3cfae597792deccf7b46e5af15a2/1ed7a/21783809_l1-400x280-1.jpg","width":222,"height":222}}}}}},{"node":{"title":"The fear of aging","excerpt":"<p>The fear of aging How will I handle being old? All of my life, I felt good about myself and</p>\n","slug":"the-fear-of-aging","date":"August 19, 2015","tags":[{"name":"aging"},{"name":"getting old"},{"name":"happiness"},{"name":"health"},{"name":"how to make peace with aging"},{"name":"life"},{"name":"older"},{"name":"over 40"},{"name":"over 50"},{"name":"over 60"},{"name":"peace"},{"name":"sickness"},{"name":"wrinkles"}],"categories":[{"name":"Aging"}],"featured_media":{"localFile":{"childImageSharp":{"resolutions":{"src":"/static/534aa6aa4a40ccffe01ced8cc2c081af/1ed7a/invisible-400x280.jpg","width":222,"height":222}}}}}},{"node":{"title":"Do you change the way you look as you age?","excerpt":"<p>Do you change the way you look as you age? Older women are the most dangerous on the planet. We</p>\n","slug":"do-you-change-the-way-you-look-as-you-age","date":"August 19, 2015","tags":[{"name":"aging"},{"name":"aging gracefully"},{"name":"anti-aging"},{"name":"changing your look"},{"name":"how to look as good as you feel"},{"name":"how to look good for your age"},{"name":"look great"},{"name":"over 40"},{"name":"over 50"},{"name":"wrinkles"}],"categories":[{"name":"Uncategorized"}],"featured_media":{"localFile":{"childImageSharp":{"resolutions":{"src":"/static/1880b45f2636df56bb26c717b2d535ca/1ed7a/30576356_s-400x280.jpg","width":222,"height":222}}}}}},{"node":{"title":"Breast implant disease","excerpt":"<p>Breast implant disease.  Have you ever heard of it?  I just read an interesting article in an alternative health book.</p>\n","slug":"breast-implant-disease","date":"August 20, 2015","tags":[{"name":"autoimmune disorder"},{"name":"before you get implants"},{"name":"breast implant disease"},{"name":"breast implants"},{"name":"breast surgery"},{"name":"chronic fatigue syndrome"},{"name":"lupus"},{"name":"memory loss"},{"name":"MS"},{"name":"saline implants"},{"name":"should you remove your implants"},{"name":"silicone implants"}],"categories":[{"name":"Uncategorized"}],"featured_media":{"localFile":{"childImageSharp":{"resolutions":{"src":"/static/8eef5ffbbc93c2e0984f131a61b97ee5/1ed7a/33635881_s-400x280.jpg","width":222,"height":222}}}}}},{"node":{"title":"How to change your look as you age","excerpt":"<p>How to change your look as you age &nbsp; I love to change my makeup, but I am guilty of</p>\n","slug":"how-to-change-your-look-as-you-age","date":"August 20, 2015","tags":[{"name":"aging"},{"name":"anti-aging"},{"name":"change your look"},{"name":"how to change your look"},{"name":"how to look good for your age"},{"name":"look younger"},{"name":"makeup"},{"name":"over 40"},{"name":"over 50"},{"name":"over 60"},{"name":"over 70"}],"categories":[{"name":"Uncategorized"}],"featured_media":{"localFile":{"childImageSharp":{"resolutions":{"src":"/static/c7c442646e02d3ba5db713add72ac0ec/1ed7a/32444263_s-400x280.jpg","width":222,"height":222}}}}}},{"node":{"title":"MEN DON’T UNDERSTAND US, BUT CARBS DO!","excerpt":"<p>MEN DON’T UNDERSTAND US, BUT CARBS DO! I walked into my anti-aging OBGYN’s office and there on the wall was</p>\n","slug":"men-dont-understand-us-but-carbs-do","date":"August 21, 2015","tags":[{"name":"bread"},{"name":"carbohydrates"},{"name":"carbs"},{"name":"happiness"},{"name":"how to eat what you want and not gain weight"},{"name":"middle age"},{"name":"over 40"},{"name":"over 50"},{"name":"pasta"},{"name":"weight gain"},{"name":"wine"},{"name":"women"}],"categories":[{"name":"Happiness"}],"featured_media":{"localFile":{"childImageSharp":{"resolutions":{"src":"/static/1a55b393f7eea528a320b8e3add90816/1ed7a/2766763_s-400x280.jpg","width":222,"height":222}}}}}},{"node":{"title":"Don&#8217;t worry.  Be happy!","excerpt":"<p>&nbsp; There’s no cure for growing old, but it’s our attitude that changes everything. ~Huffington Post      I wasn’t</p>\n","slug":"dont-worry-be-happy","date":"August 22, 2015","tags":[{"name":"death"},{"name":"depression"},{"name":"disease"},{"name":"divorce"},{"name":"getting older"},{"name":"grief"},{"name":"how to stop anxiety"},{"name":"how to stop worrying"},{"name":"middle age"},{"name":"over 40"},{"name":"over 50"},{"name":"over 60"},{"name":"over 70"},{"name":"social anxiety"},{"name":"women and worry"},{"name":"worry"}],"categories":[{"name":"Happiness"}],"featured_media":{"localFile":{"childImageSharp":{"resolutions":{"src":"/static/9f63568f0debbab9fdd2aa709e2c043e/1ed7a/35345422_s-400x280.jpg","width":222,"height":222}}}}}},{"node":{"title":"How to use Aromatherapy","excerpt":"<p>How to use Aromatherapy Aromatherapy means using essential oils to affect the body.  We can receive the benefits by inhaling,</p>\n","slug":"how-to-use-aromatherapy","date":"August 22, 2015","tags":[{"name":"anxiety"},{"name":"aromatherapy"},{"name":"diffusers"},{"name":"floral waters"},{"name":"how to remain calm"},{"name":"how to use aromatherapy oils"},{"name":"lavender oil"},{"name":"massage therapy oils"},{"name":"relaxation"},{"name":"relaxation techniques"}],"categories":[{"name":"Happiness"}],"featured_media":{"localFile":{"childImageSharp":{"resolutions":{"src":"/static/0ef4f2d4eb43d42225a93af206314226/1ed7a/26965004_s-400x280.jpg","width":222,"height":222}}}}}},{"node":{"title":"2 Different and Specific Cheat Sheets to Lose 5 to 15 Pounds Fast!","excerpt":"<p>&nbsp; &#8220;2 Different and Specific Cheat Sheets to Lose 5 to 15 Pounds Fast!  Bonus:  No starving or exhausting yourself at</p>\n","slug":"2-different-and-specific-cheat-sheets-to-lose-5-to-15-pounds-fast","date":"August 22, 2015","tags":[{"name":"how to lose 15 pounds"},{"name":"how to lose weight"},{"name":"how to lose weight fast"},{"name":"lose 5 pounds"},{"name":"lose ten pounds"},{"name":"lose weight fast"}],"categories":[{"name":"Weight Loss"}],"featured_media":{"localFile":{"childImageSharp":{"resolutions":{"src":"/static/f012226b2ee625a034a58547f715e471/1ed7a/1-400x280.jpg","width":222,"height":222}}}}}},{"node":{"title":"Coping with Social Anxiety","excerpt":"<p>Coping with Social Anxiety “About 3.7% of the U.S. population &#8212; approximately 5.3 million Americans &#8212; is affected by social</p>\n","slug":"coping-with-social-anxiety","date":"August 23, 2015","tags":[{"name":"dealing with people"},{"name":"depression"},{"name":"how to cope with anxiety"},{"name":"how to cope with social anxiety"},{"name":"how to love yourself"},{"name":"phobias"},{"name":"self esteem"},{"name":"social anxiety"}],"categories":[{"name":"Happiness"}],"featured_media":{"localFile":{"childImageSharp":{"resolutions":{"src":"/static/4a464fa489f68dd33e34db66fcae2b3f/1ed7a/13677946_s-400x280.jpg","width":222,"height":222}}}}}},{"node":{"title":"The fantasy of the perfect partner","excerpt":"<p>The fantasy of the perfect partner Many of us are brought up believing that our main goal in life is</p>\n","slug":"the-fantasy-of-the-perfect-partner","date":"August 24, 2015","tags":[{"name":"breakups"},{"name":"divorce"},{"name":"high standards"},{"name":"how to be happy"},{"name":"how to find the perfect boyfriend"},{"name":"love"},{"name":"marriage"},{"name":"perfection"},{"name":"reality"},{"name":"relationships"},{"name":"the perfect partner"}],"categories":[{"name":"Happiness"}],"featured_media":{"localFile":{"childImageSharp":{"resolutions":{"src":"/static/2ebbfa34e4cb8b883f175b53df251b00/1ed7a/relationship.jpg","width":222,"height":222}}}}}},{"node":{"title":"RENEWAL AND THE AGING PROCESS","excerpt":"<p>RENEWAL AND THE AGING PROCESS Let’s face it; we live in an incredible time.  With advances in longevity research and,</p>\n","slug":"renewal-and-the-aging-process","date":"August 24, 2015","tags":[{"name":"aging"},{"name":"anti-aging"},{"name":"antioxidants"},{"name":"disease"},{"name":"free radical damage"},{"name":"healthy eating"},{"name":"healthy living"},{"name":"how to be healthier"},{"name":"living past 100"},{"name":"living to be 100"},{"name":"over 50"},{"name":"over 60"},{"name":"over 70"},{"name":"renewal process"},{"name":"wrinkles"}],"categories":[{"name":"Aging"}],"featured_media":{"localFile":{"childImageSharp":{"resolutions":{"src":"/static/1b4128ecabd3431eb85f296a64883aab/1ed7a/18153601_s-400x280.jpg","width":222,"height":222}}}}}},{"node":{"title":"The antidote to aging is renewal","excerpt":"<p>The antidote to aging is renewal. We are to minimize cell damage created by free radicals and supply our bodies</p>\n","slug":"the-antidote-to-aging-is-renewal","date":"August 25, 2015","tags":[{"name":"aging"},{"name":"anti-aging"},{"name":"antioxidants"},{"name":"cancer"},{"name":"disease"},{"name":"free radical damage"},{"name":"free radicals"},{"name":"healthy living"},{"name":"how to live disease free"},{"name":"how to live longer"},{"name":"the bodies renewal process"}],"categories":[{"name":"Uncategorized"}],"featured_media":{"localFile":{"childImageSharp":{"resolutions":{"src":"/static/d95e82b2cc210e0f04699408a4acd8ce/1ed7a/13071119_s-400x280.jpg","width":222,"height":222}}}}}},{"node":{"title":"A new way to age","excerpt":"<p>A NEW WAY TO AGE Renewing yourself is your body’s master plan for rejuvenation.  This consists of three important steps;</p>\n","slug":"a-new-way-to-age","date":"August 25, 2015","tags":[{"name":"age well"},{"name":"anti-aging"},{"name":"antioxidants"},{"name":"cellular damage"},{"name":"diabetes"},{"name":"free radicals"},{"name":"getting older"},{"name":"healing"},{"name":"how to avoid cancer"},{"name":"how to fight disease"},{"name":"renewal"},{"name":"the new way to age"},{"name":"wrinkles"}],"categories":[{"name":"Aging"}],"featured_media":{"localFile":{"childImageSharp":{"resolutions":{"src":"/static/6e9642792ba6915d00c351a9afc2dd5d/1ed7a/11972981_s-400x280.jpg","width":222,"height":222}}}}}},{"node":{"title":"ANTI-AGING WAY TO EAT","excerpt":"<p>THE ANTI-AGING WAY TO EAT &nbsp; This is not a diet blog or a blog that will give you specific</p>\n","slug":"117","date":"August 25, 2015","tags":[{"name":"diet"},{"name":"free radical damage"},{"name":"how to anti age"},{"name":"how to eat better"},{"name":"supplements"},{"name":"the anti aging way to eat"}],"categories":[{"name":"Aging"}],"featured_media":{"localFile":{"childImageSharp":{"resolutions":{"src":"/static/0e58a2eebbd0e7dacf0a885fa7df3b92/1ed7a/33766058_s-400x280.jpg","width":222,"height":222}}}}}},{"node":{"title":"Supplementing","excerpt":"<p>SUPPLEMENTING Our bodies renew themselves 24/7.  Just trying to keep up with our bodies every day wear and tear is</p>\n","slug":"supplementing","date":"August 26, 2015","tags":[{"name":"aging"},{"name":"antioxidants"},{"name":"cancer"},{"name":"DNA damage"},{"name":"dying"},{"name":"free radical damage"},{"name":"how to live longer"},{"name":"living longer"},{"name":"over 50"},{"name":"over 60"},{"name":"supplementing your diet"},{"name":"supplements"},{"name":"the bodies renewal process"}],"categories":[{"name":"Aging and Health"}],"featured_media":{"localFile":{"childImageSharp":{"resolutions":{"src":"/static/79498275c5ebd313ba3a3a9db2a56a57/1ed7a/20959515_s-400x280.jpg","width":222,"height":222}}}}}},{"node":{"title":"Reduce free radical exposure","excerpt":"<p>&nbsp; If you read this blog then you know that I have been writing a lot lately about free radicals</p>\n","slug":"reduce-free-radical-exposure","date":"August 26, 2015","tags":[{"name":"aging and health"},{"name":"cancer"},{"name":"disease"},{"name":"free radical damage"},{"name":"how to live longer"},{"name":"how to look younger"},{"name":"over 50"},{"name":"over 60"}],"categories":[{"name":"Aging and Health"}],"featured_media":{"localFile":{"childImageSharp":{"resolutions":{"src":"/static/dce68d8242264fa6899d39f7b5caec80/1ed7a/42054016_s-400x280.jpg","width":222,"height":222}}}}}},{"node":{"title":"PHYSICAL ACTIVITY AND AGING","excerpt":"<p>PHYSICAL ACTIVITY AND AGING Engaging in physical activity does the body wonders.  In fact when we exercise, every cell in</p>\n","slug":"physical-activity-and-aging","date":"August 26, 2015","tags":[{"name":"anti-aging"},{"name":"cancer"},{"name":"disease"},{"name":"exercise"},{"name":"exercise over 50"},{"name":"exercise over 60"},{"name":"how to live to 100"},{"name":"how to look younger"},{"name":"living longer"},{"name":"work out"},{"name":"working out as you age"}],"categories":[{"name":"Aging and Health"}],"featured_media":{"localFile":{"childImageSharp":{"resolutions":{"src":"/static/08b3b023b5268de8b0610a9d01e192ac/1ed7a/36413383_s-400x280-1.jpg","width":222,"height":222}}}}}},{"node":{"title":"CHEMICALS AND HORMONE DISRUPTION","excerpt":"<p>CHEMICALS AND HORMONE DISRUPTION I will start with pesticides and how they affect our hormones. Many of the most widely</p>\n","slug":"chemicals-and-hormone-disruption","date":"August 27, 2015","tags":[{"name":"bcps"},{"name":"chemicals and hormone disruption"},{"name":"dioxin"},{"name":"estrogen"},{"name":"nonylphenols"},{"name":"pesticides"},{"name":"plastic"},{"name":"poison"},{"name":"sperm production"},{"name":"thyroid"},{"name":"thyroid disease"},{"name":"toxic environment"},{"name":"water bottles"}],"categories":[{"name":"Uncategorized"}],"featured_media":{"localFile":{"childImageSharp":{"resolutions":{"src":"/static/3088648e5b6d95ac104b325b02e61566/1ed7a/25010665_s-379x280.jpg","width":222,"height":222}}}}}},{"node":{"title":"His Menopause is not your fault","excerpt":"<p>His Menopause is not your fault I&#8217;m about to turn 50 in a few months and although it&#8217;s kind of</p>\n","slug":"his-menopause-is-not-your-fault","date":"August 27, 2015","tags":[{"name":"andropause"},{"name":"angry men"},{"name":"be happy"},{"name":"divorce"},{"name":"his menopause is not your fault"},{"name":"hormones"},{"name":"male menopause"},{"name":"men who are not happy"},{"name":"middle age"},{"name":"women"}],"categories":[{"name":"Uncategorized"}],"featured_media":{"localFile":{"childImageSharp":{"resolutions":{"src":"/static/0b436be8602fb968c13272578e344cb8/1ed7a/35570495_s-400x280.jpg","width":222,"height":222}}}}}},{"node":{"title":"&#8220;Do These Five Things Daily And You’ll Slow Down Aging By At Least 10 Years!&#8221;","excerpt":"<p>&#8220;Do These Five Things Daily And You’ll Slow Down Aging By At Least 10 Years!&#8221; Get my Free PDF on</p>\n","slug":"do-these-five-things-daily-and-youll-slow-down-aging-by-at-least-10-years","date":"August 27, 2015","tags":[{"name":"aging"},{"name":"anti-aging"},{"name":"brown spots"},{"name":"Do These Five Things Daily And You’ll Slow Down Aging By At Least 10 Years"},{"name":"growing older"},{"name":"how to feel better"},{"name":"how to get rid of wrinkles"},{"name":"how to live longer"},{"name":"how to look younger"},{"name":"how to supplement"},{"name":"over 40"},{"name":"over 50"},{"name":"over 60"},{"name":"younger skin"}],"categories":[{"name":"Aging"},{"name":"Aging and Health"},{"name":"Weight Loss"}],"featured_media":{"localFile":{"childImageSharp":{"resolutions":{"src":"/static/dc2b41e7f4e9c22e9713ff0140a49ecb/1ed7a/12073678_s-400x280.jpg","width":222,"height":222}}}}}},{"node":{"title":"The more old you are the faster you get older","excerpt":"<p>The more old you are the faster you get older Scary isn&#8217;t it?  I hate to write about this topic</p>\n","slug":"the-more-old-you-are-the-faster-you-get-older","date":"August 27, 2015","tags":[{"name":"aging gracefully"},{"name":"aging hands"},{"name":"getting old"},{"name":"the older you are the faster you get old"},{"name":"wrinkles"}],"categories":[{"name":"Aging"},{"name":"Happiness"}],"featured_media":{"localFile":{"childImageSharp":{"resolutions":{"src":"/static/589d1722e03a1cb3c402f2b8d0e0dacc/1ed7a/36953033_s-400x280.jpg","width":222,"height":222}}}}}},{"node":{"title":"The Importance of Probiotics","excerpt":"<p>The Importance of Probiotics Inside of us live a vast amount of bacteria.  Without that bacteria we could not remain</p>\n","slug":"the-importance-of-probiotics","date":"August 28, 2015","tags":[{"name":"acne"},{"name":"bladder infection"},{"name":"bowel problems"},{"name":"cancer"},{"name":"candidiasis"},{"name":"cystitis"},{"name":"food poisoning"},{"name":"good bacteria"},{"name":"how to live longer"},{"name":"how to take a probiotic"},{"name":"natural remedies"},{"name":"probiotics"},{"name":"radiation damage"},{"name":"should I take a probiotic"},{"name":"skin disorder"},{"name":"supplements"},{"name":"thrush"}],"categories":[{"name":"Uncategorized"}],"featured_media":{"localFile":{"childImageSharp":{"resolutions":{"src":"/static/9af640a983dadbcdaa3801e1d08fe87a/1ed7a/30349494_s-400x280.jpg","width":222,"height":222}}}}}},{"node":{"title":"Don&#8217;t be afraid of aging","excerpt":"<p>Don&#8217;t be afraid of aging Being old was something I was terrified of. Let’s admit it, doors open up for</p>\n","slug":"dont-be-afraid-of-aging","date":"August 28, 2015","tags":[{"name":"afraid of aging"},{"name":"aging"},{"name":"disease free"},{"name":"don't be afraid of aging"},{"name":"how to age better"},{"name":"how to be happy"},{"name":"living in the moment"},{"name":"nursing homes"},{"name":"stroke"}],"categories":[{"name":"Aging"},{"name":"Aging and Health"},{"name":"Happiness"}],"featured_media":{"localFile":{"childImageSharp":{"resolutions":{"src":"/static/f32e3cfae597792deccf7b46e5af15a2/1ed7a/21783809_l1-400x280.jpg","width":222,"height":222}}}}}},{"node":{"title":"ARE WE HAPPY AT MIDDLE AGE?","excerpt":"<p>&nbsp; ARE WE HAPPY AT MIDDLE AGE? Older women are the most dangerous on the planet. We have nothing to</p>\n","slug":"are-we-happy-at-middle-age","date":"August 29, 2015","tags":[{"name":"aging"},{"name":"growing old"},{"name":"how to age gracefully"},{"name":"middle age"},{"name":"ove 50"},{"name":"over 40"},{"name":"over 60"},{"name":"wrinkles"}],"categories":[{"name":"Aging"},{"name":"Happiness"}],"featured_media":{"localFile":{"childImageSharp":{"resolutions":{"src":"/static/050984ee6825656843146bc0f8b31a23/1ed7a/30024581_s1-397x280.jpg","width":222,"height":222}}}}}},{"node":{"title":"Women and Middle-Age","excerpt":"<p>Women and Middle-Age From a social perspective, women tend to disengage as they get older. We are told or think</p>\n","slug":"women-and-middle-age","date":"August 31, 2015","tags":[{"name":"aging"},{"name":"fun"},{"name":"happiness"},{"name":"how to be happy at middle-age"},{"name":"life"},{"name":"meet up"},{"name":"middle age"},{"name":"over 40"},{"name":"over 50"},{"name":"over 60"},{"name":"things to do at middle-age"},{"name":"travel"},{"name":"women"}],"categories":[{"name":"Aging"},{"name":"Happiness"}],"featured_media":{"localFile":{"childImageSharp":{"resolutions":{"src":"/static/57cc6b66143082b25aefaed063e94c92/1ed7a/1013183_10151839239254073_2118116681_n11-400x280.jpg","width":222,"height":222}}}}}}]}},"pageContext":{"isCreatedByStatefulCreatePages":true}}