{"data":{"wordpressPost":{"title":"How to tell if your beauty products will work","content":"<p><iframe src=\"https://player.vimeo.com/video/226959433\" width=\"640\" height=\"360\" frameborder=\"0\" allowfullscreen=\"allowfullscreen\"></iframe></p>\n<p>&nbsp;</p>\n<h2 style=\"text-align: left;\"><span style=\"color: #ff00ff;\">If you want smoother skin without needles, filters or a surgeon then check out </span><span style=\"color: #ff00ff;\">my four-step course on how to get &#8220;Smoother Skin&#8221; at home!  Trust me, it really works!</span></h2>\n<h2 style=\"text-align: center;\"> <a href=\"https://how-to-get-smoother-skin.teachable.com\"> https://how-to-get-smoother-skin.teachable.com</a></h2>\n<div id=\"attachment_8372\" style=\"width: 310px\" class=\"wp-caption aligncenter\"><img aria-describedby=\"caption-attachment-8372\" class=\"size-medium wp-image-8372\" src=\"https://myagingandwellness.com/wp-content/uploads/2018/06/hello-300x169.png\" alt=\"Smooth Skin Course\" width=\"300\" height=\"169\" srcset=\"https://myagingandwellness.com/wp-content/uploads/2018/06/hello-300x169.png 300w, https://myagingandwellness.com/wp-content/uploads/2018/06/hello-768x432.png 768w, https://myagingandwellness.com/wp-content/uploads/2018/06/hello-1024x576.png 1024w, https://myagingandwellness.com/wp-content/uploads/2018/06/hello-624x351.png 624w, https://myagingandwellness.com/wp-content/uploads/2018/06/hello-600x338.png 600w\" sizes=\"(max-width: 300px) 100vw, 300px\" /><p id=\"caption-attachment-8372\" class=\"wp-caption-text\">How to get smooth skin at home</p></div>\n<p>&nbsp;</p>\n<div class=\"mceTemp\"></div>\n","featured_media":{"localFile":null}},"site":{"siteMetadata":{"title":"A sample site using gatsby-source-wordpress","subtitle":"Data fetched from a site hosted on wordpress.com"}}},"pageContext":{"isCreatedByStatefulCreatePages":false,"id":"b0107c1f-0c5c-5b04-a105-baa902b3ac3a"}}