{"data":{"wordpressPost":{"title":"Parasites in your body","content":"<h2></h2>\n<h2 style=\"text-align: center;\"><span style=\"color: #ff00ff;\">Parasites in your body</span></h2>\n<p>&nbsp;</p>\n<p>According to the CDC, one in six Americans is host to a parasite.  Next to lice, the most common parasite that humans have is the microscopic protozoal variety.  This can be transmitted by air, food, bugs, animals, water and other people.</p>\n<h3 style=\"text-align: justify;\"><span style=\"color: #ff00ff;\">Parasites in your body</span></h3>\n<p style=\"text-align: justify;\">Another type of parasite is worms.  Pinworms, roundworms, and tapeworms.  Most parasites go undetected because they don&#8217;t produce serious problems or they produce symptoms that can be attributed to another cause such as irritable bowel syndrome, chronic fatigue syndrome, bloating, some allergies, diarrhea, abdominal pain and many more. Parasites and organisms survive by feeding off each other.</p>\n<p style=\"text-align: justify;\">Symptoms of a parasitic infection usually happen within three to five days after being exposed.  Below are some of the risk factors for getting a parasitic infection:</p>\n<ul style=\"text-align: justify;\">\n<li>Traveling outside the U.S.</li>\n<li>Drinking out of streams and rivers.</li>\n<li>Household pets.</li>\n<li>Eating sushi.</li>\n<li>Eating raw, undercooked meat and, raw fish.</li>\n<li>Working in a hospital or daycare.</li>\n<li>Oral and anal sex.</li>\n<li>Not washing hands often and properly.</li>\n</ul>\n<p style=\"text-align: justify;\">An accurate diagnosis is a must because different parasites require different methods to kill them.</p>\n<p style=\"text-align: justify;\">If you think that you have a parasite, then have your doctor test you by using the CDC guidelines (<a href=\"http://www.cdc.gov/parasites/references_resources/diagnosis.html\">http://www.cdc.gov/parasites/references_resources/diagnosis.html</a>).</p>\n<p style=\"text-align: justify;\">Some of the ways to test are a stool test, rectal mucus swab and, blood tests.</p>\n<h2 style=\"text-align: center;\"><span style=\"color: #ff00ff;\">Parasites in your body</span></h2>\n<p style=\"text-align: justify;\">Most doctors use antibiotics and other drugs to fight parasites. Alternative medicine uses things like detoxification, diet, and herbal medicine.</p>\n<p style=\"text-align: justify;\">How to avoid Parasites in your body:</p>\n<ul style=\"text-align: justify;\">\n<li>Don&#8217;t eat raw meat or fish.</li>\n<li>Don&#8217;t put your hands near your mouth without washing them.</li>\n<li>Use separate cutting board for meat.</li>\n<li>Wash fruit and veggies good.</li>\n<li>Think twice about sleeping too close to your pets.  They harbor worms and other parasites.</li>\n<li>Of course, always wash after using the restroom.</li>\n<li>Wash your hands after you work outside.</li>\n<li>Be mindful of the water you drink.</li>\n<li>Don&#8217;t bite your nails.</li>\n</ul>\n<p style=\"text-align: justify;\">Recommendations:</p>\n<ul style=\"text-align: justify;\">\n<li>Because parasites live in the intestinal walls, you can flush them out with natural things like bentonite clay and psyllium combined.</li>\n<li>Anti-parasite foods to be eaten are pineapple, papaya, onions, kelp, blackberries, raw cabbage, and almonds.</li>\n<li>Use herbal remedies like seed extract and other Chinese remedies.</li>\n<li>Drink lots of pure water.</li>\n<li> Sanitize your environment as in wash all bedding, clothes, etc.</li>\n</ul>\n<p>&nbsp;</p>\n<h3 style=\"text-align: center;\"><span style=\"color: #ff00ff;\">If you would like to find more ways to Rejuvenate.  I have created a six-step course called &#8220;The Rejuvenation Program&#8221;</span></h3>\n<h3 style=\"text-align: center;\"><span style=\"color: #ff00ff;\"> You can check it out by clicking this link: <a href=\"http://www.therejuvenationprogram.com\">http://www.therejuvenationprogram.com</a></span></h3>\n<div id=\"attachment_8361\" style=\"width: 310px\" class=\"wp-caption aligncenter\"><img aria-describedby=\"caption-attachment-8361\" class=\"size-medium wp-image-8361\" src=\"https://myagingandwellness.com/wp-content/uploads/2018/08/The-Rejuvenation-Program-300x251.png\" alt=\"The Rejuvenation Program\" width=\"300\" height=\"251\" srcset=\"https://myagingandwellness.com/wp-content/uploads/2018/08/The-Rejuvenation-Program-300x251.png 300w, https://myagingandwellness.com/wp-content/uploads/2018/08/The-Rejuvenation-Program-768x644.png 768w, https://myagingandwellness.com/wp-content/uploads/2018/08/The-Rejuvenation-Program-624x523.png 624w, https://myagingandwellness.com/wp-content/uploads/2018/08/The-Rejuvenation-Program-600x503.png 600w, https://myagingandwellness.com/wp-content/uploads/2018/08/The-Rejuvenation-Program.png 940w\" sizes=\"(max-width: 300px) 100vw, 300px\" /><p id=\"caption-attachment-8361\" class=\"wp-caption-text\">The Rejuvenation Program</p></div>\n<h3 style=\"text-align: center;\"></h3>\n","featured_media":{"localFile":null}},"site":{"siteMetadata":{"title":"A sample site using gatsby-source-wordpress","subtitle":"Data fetched from a site hosted on wordpress.com"}}},"pageContext":{"isCreatedByStatefulCreatePages":false,"id":"816df268-fabb-5238-b364-fcaf1634d199"}}