{"data":{"wordpressPost":{"title":"How to get your anti-aging products cheaper","content":"<h2></h2>\n<h1 style=\"text-align: center;\"><span style=\"color: #ff00ff;\">How to get your anti-aging products cheaper</span></h1>\n<p>&nbsp;</p>\n<p><iframe width=\"625\" height=\"352\" src=\"https://www.youtube.com/embed/IScfmN6pKog?feature=oembed\" frameborder=\"0\" allow=\"autoplay; encrypted-media\" allowfullscreen></iframe></p>\n<p>&nbsp;</p>\n<h3 style=\"text-align: center;\"><span style=\"color: #ff00ff;\">If you seriously want to have younger skin without filters, needles, surgeons or paying a bunch of money then check out my 4 step course here: </span></h3>\n<h3 style=\"text-align: center;\"><span style=\"color: #0000ff;\"><a style=\"color: #0000ff;\" href=\"https://how-to-get-smoother-skin.teachable.com\">https://how-to-get-smoother-skin.teachable.com</a></span></h3>\n<p>&nbsp;</p>\n<div id=\"attachment_8372\" style=\"width: 310px\" class=\"wp-caption aligncenter\"><img aria-describedby=\"caption-attachment-8372\" class=\"size-medium wp-image-8372\" src=\"https://myagingandwellness.com/wp-content/uploads/2018/06/hello-300x169.png\" alt=\"Smooth Skin Course\" width=\"300\" height=\"169\" srcset=\"https://myagingandwellness.com/wp-content/uploads/2018/06/hello-300x169.png 300w, https://myagingandwellness.com/wp-content/uploads/2018/06/hello-768x432.png 768w, https://myagingandwellness.com/wp-content/uploads/2018/06/hello-1024x576.png 1024w, https://myagingandwellness.com/wp-content/uploads/2018/06/hello-624x351.png 624w, https://myagingandwellness.com/wp-content/uploads/2018/06/hello-600x338.png 600w\" sizes=\"(max-width: 300px) 100vw, 300px\" /><p id=\"caption-attachment-8372\" class=\"wp-caption-text\">How to get smooth skin at home</p></div>\n<p>&nbsp;</p>\n","featured_media":{"localFile":{"childImageSharp":{"resolutions":{"src":"/static/c54ddbc95a5c34dfb2dbef40f58c7deb/c0005/Screen-Shot-2018-05-26-at-12.10.54-PM.png","width":300,"height":300}}}}},"site":{"siteMetadata":{"title":"A sample site using gatsby-source-wordpress","subtitle":"Data fetched from a site hosted on wordpress.com"}}},"pageContext":{"isCreatedByStatefulCreatePages":false,"id":"9a3fcd3a-9793-51f1-b9fc-2aee3449a47b"}}