{"data":{"wordpressPost":{"title":"How to have good intestinal health","content":"<h2></h2>\n<h2 style=\"text-align: center;\"><span style=\"color: #ff00ff;\">How to have good intestinal health</span></h2>\n<p>&nbsp;</p>\n<p style=\"text-align: justify;\">Every morning I wake up and put kale, spinach, beets, organic blueberries, raspberries, almond milk, cinnamon, turmeric, cayenne pepper, lemon, and two probiotics into a blender and make what I think is a pretty tasty gut cleanser.</p>\n<p style=\"text-align: justify;\">Could I add even more goodies to make it even more healthy?  Absolutely but, the important thing here is consistency.</p>\n<p style=\"text-align: justify;\">I not only feel great knowing that for breakfast I&#8217;ve already consumed half of my daily fruits and veggies but, I physically feel energized, my hair has started to grow again and, my skin is looking pretty good too.</p>\n<p style=\"text-align: justify;\">How to have good intestinal health? The way to maintain your gut or your intestinal health is to do the following:</p>\n<ul style=\"text-align: justify;\">\n<li>Eliminate sugar as much as possible.</li>\n<li>Eat raw, fresh and unprocessed food.</li>\n<li>Chew your food well.</li>\n<li>Eat two low glycemic fruits each day.</li>\n<li>Eat at least six vegetables per day (preferably raw).</li>\n<li>Try and include sprouts in your diet.</li>\n<li>Vary your foods each day from meal to meal.  Don&#8217;t always eat the same things each day.</li>\n<li>Eat your biggest meal at lunch and don&#8217;t ever go to be with food in your belly.</li>\n<li>Drink at least 64 ounces of filtered water per day.</li>\n<li>It&#8217;s better to drink fluids before and after your meals so that, your digestive fluids are not diluted.</li>\n<li>Avoid things like coffee, black tea, soda, chocolate, nicotine and alcohol (I&#8217;m going to work on the last one! I love my wine).</li>\n<li>Take probiotics each day.</li>\n<li>Move your body.</li>\n</ul>\n<p>I don&#8217;t think the things above are hard to do.  If you follow the steps above, you will most likely feel pretty good too.</p>\n<p style=\"text-align: justify;\">They say that most if not all disease start in the gut.  If this is true then, doing the steps above should cut your risk significantly.</p>\n<p style=\"text-align: justify;\">Take care 🙂</p>\n<h3 style=\"text-align: center;\"><span style=\"color: #ff00ff;\">If you would like to find more ways to Rejuvenate.  I have created a six-step course called &#8220;The Rejuvenation Program&#8221;</span></h3>\n<h3 style=\"text-align: center;\"><span style=\"color: #ff00ff;\"> You can check it out by clicking this link: <a href=\"http://www.therejuvenationprogram.com\">http://www.therejuvenationprogram.com</a></span></h3>\n<div id=\"attachment_8361\" style=\"width: 310px\" class=\"wp-caption aligncenter\"><img aria-describedby=\"caption-attachment-8361\" class=\"size-medium wp-image-8361\" src=\"https://myagingandwellness.com/wp-content/uploads/2018/08/The-Rejuvenation-Program-300x251.png\" alt=\"The Rejuvenation Program\" width=\"300\" height=\"251\" srcset=\"https://myagingandwellness.com/wp-content/uploads/2018/08/The-Rejuvenation-Program-300x251.png 300w, https://myagingandwellness.com/wp-content/uploads/2018/08/The-Rejuvenation-Program-768x644.png 768w, https://myagingandwellness.com/wp-content/uploads/2018/08/The-Rejuvenation-Program-624x523.png 624w, https://myagingandwellness.com/wp-content/uploads/2018/08/The-Rejuvenation-Program-600x503.png 600w, https://myagingandwellness.com/wp-content/uploads/2018/08/The-Rejuvenation-Program.png 940w\" sizes=\"(max-width: 300px) 100vw, 300px\" /><p id=\"caption-attachment-8361\" class=\"wp-caption-text\">The Rejuvenation Program</p></div>\n<p style=\"text-align: center;\" align=\"center\">\n","featured_media":{"localFile":null}},"site":{"siteMetadata":{"title":"A sample site using gatsby-source-wordpress","subtitle":"Data fetched from a site hosted on wordpress.com"}}},"pageContext":{"isCreatedByStatefulCreatePages":false,"id":"c99b626a-6cca-5cab-bc1a-c28c93313633"}}