{"data":{"wordpressPost":{"title":"Are you losing your hair at middle-age?","content":"<p>Are you losing your hair at middle-age?  If so, you should get your hormones and nutrient levels checked.</p>\n<p>Low thyroid, poor digestion, nutrient deficiencies such as iron, vitamin B, hormonal issues, aging, trauma and stress can create hair loss and hair thinning.</p>\n<p>If you are losing large amounts of hair you should get to your doctor ASAP because you may have an underlying disease.</p>\n<p>Once you get your levels checked and your doctor has made any changes as necessary, some of the suggestions for nutritional therapy are as follows:</p>\n<ul>\n<li>Flaxseed Oil</li>\n<li>Biotin</li>\n<li>Zinc</li>\n<li>Amino Acid Blends</li>\n<li>Vitamin B Complex</li>\n<li>Iron (if needed) I needed iron and didn&#8217;t even know it!</li>\n</ul>\n<p>If you have dull and lifeless hair, use primrose oil, flaxseed oil and vitamin E in the evening.</p>\n<p>Even poor liver functioning can play a role in hair loss.  If this is your case then consider using a liver supplement.</p>\n<p>A good therapy for hair loss is a juice therapy of:</p>\n<ul>\n<li>Carrots</li>\n<li>Beets</li>\n<li>Spinach</li>\n<li>Nettle</li>\n<li>Alfalfa</li>\n</ul>\n<p>Once you get your hormones in check and you have ingested the proper supplements, you can do massage scalp therapy with your fingers, nightly.</p>\n<p>Genetics, diet and the way you treat your hair can also be the reason you&#8217;re losing your hair too.</p>\n<p>I wish I had luxurious long hair but, I look at my mom and she has baby fine hair. I&#8217;m thinking that I will probably end up more like my mom.</p>\n<p>I also color my hair and use the straightener a little too often which makes my hair break.</p>\n<p>My diet is really good as I only eat fish and vegetables but, I probably drink way too much wine.</p>\n<p>I know if I changed most of these things, my hair would be in much better shape but the trade off is, I kind of like my life and I can deal with my hair loss because of it.</p>\n<p><strong>Hope for Thinning Hair</strong></p>\n<p>&#8220;Research continues to dispel the notion that some types of hair loss are permanent. Experts at the University of Pennsylvania School of Medicine, for example, recently found that people who struggle with hair loss don’t have dead follicle stem cells, as previously feared — just malfunctioning follicle stem cells, which may be fixable. And another study found that mice with deep skin wounds could regrow hair, sparking hope for a cure for baldness in humans.&#8221; (http://www.everydayhealth.com/womens-health/woman-dealing-with-hair-loss.aspx)</p>\n<p>I think there will be a stem cell or other therapy coming very soon to stop hair loss.  It may not stop the breakage from the damage that we do to our hair but it may stop the loss at the follicle. I&#8217;ll be patiently waiting 🙂</p>\n<p>**Please only take supplements, etc with the proper supervision of your doctor.</p>\n<p style=\"text-align: center; margin: 9.6pt 0in 9.6pt 0in;\" align=\"center\"><em><span style=\"font-size: 10.0pt; font-family: 'Verdana','sans-serif'; color: #111111;\">Before you go, I created “The 7 Steps to Rejuvenate and Renewal.” In just seven</span></em></p>\n<p style=\"text-align: center;\" align=\"center\"><em><span style=\"font-size: 10.0pt; font-family: 'Verdana','sans-serif'; color: #111111;\">steps you can feel amazing without depriving your self!  Click the link below:</span></em></p>\n<p style=\"text-align: center;\" align=\"center\"><em><span style=\"font-size: 10.0pt; font-family: 'Verdana','sans-serif'; color: #111111;\">THE REJUVENATION AND RENEWAL PLAN</span></em></p>\n<p style=\"text-align: center;\" align=\"center\"><strong><i><span style=\"font-size: 10.0pt; font-family: 'Verdana','sans-serif'; color: #111111;\"><a href=\"https://theresaskrobanek.leadpages.co/rejuvenate-renew/\"><span style=\"color: #ba1111; text-decoration: none; text-underline: none;\">https://theresaskrobanek.leadpages.co/rejuvenate-renew/</span></a></span></i></strong></p>\n","featured_media":{"localFile":{"childImageSharp":{"resolutions":{"src":"/static/a6b2c1ee9bd18081b32ae613a503da58/1a478/39207639_s-400x280.jpg","width":300,"height":300}}}}},"site":{"siteMetadata":{"title":"A sample site using gatsby-source-wordpress","subtitle":"Data fetched from a site hosted on wordpress.com"}}},"pageContext":{"isCreatedByStatefulCreatePages":false,"id":"bd313a31-d10e-56ae-8938-6d73da6e0d28"}}