{"data":{"allWordpressPost":{"edges":[{"node":{"title":"Hello world!","excerpt":"<p>Welcome to WordPress. This is your first post. Edit or delete it, then start writing! Lorem Ipsum is simply dummy text [&hellip;]</p>\n","slug":"hello-world","date":"April 03, 2019","tags":null,"categories":[{"name":"Uncategorized"}],"featured_media":{"localFile":{"childImageSharp":{"resolutions":{"src":"/static/ded26f20707ba9dfee7f559692dd54a6/c0005/venting%402x.png","width":300,"height":300}}}}}},{"node":{"title":"WordPress and Gatsby","excerpt":"<p>This is the test post for the wordpress and gatsby Lorem Ipsum is simply dummy text of the printing and typesetting [&hellip;]</p>\n","slug":"wordpress-and-gatsby","date":"April 15, 2019","tags":[{"name":"gatsby"}],"categories":[{"name":"gatsby"}],"featured_media":{"localFile":{"childImageSharp":{"resolutions":{"src":"/static/154386caf0db8ea452f86103788b8631/c0005/vlcsnap-2019-03-06-00h01m43s975.png","width":300,"height":300}}}}}},{"node":{"title":"Gatsby WordPress post","excerpt":"<p>this is testing post Lorem Ipsum is simply dummy text of the printing and typesetting industry. Lorem Ipsum has been the [&hellip;]</p>\n","slug":"gatsby-wordpress-post","date":"April 17, 2019","tags":null,"categories":[{"name":"Uncategorized"}],"featured_media":null}}]}},"pageContext":{"isCreatedByStatefulCreatePages":true}}