{"data":{"wordpressPost":{"title":"An aging woman is not allowed","content":"<h2></h2>\n<h2 style=\"text-align: center;\"><span style=\"color: #ff00ff;\">An aging woman is not allowed</span></h2>\n<p style=\"text-align: justify;\">\n<p style=\"text-align: justify;\">I was in my kitchen cooking today and I could hear some people laughing about the way an actress, specifically, Carrie Fisher&#8217;s knees looked.  I wanted to see what the hell they were talking about, so I went to get the full story.</p>\n<p style=\"text-align: justify;\">These guys on the show TMZ were laughing at a still shot of Carrie Fisher dancing at the opening party for the 2015 Star Wars movie.  They made fun of how old her knees looked and how bad her body was aging.  They all made comments as one after another took a shot at her.</p>\n<p style=\"text-align: justify;\">Then they showed the video of her dancing, and she looked happy. She was in the zone dancing by herself while celebrating this movie that she had been in when she was a beautiful young woman.</p>\n<p>Carrie Fisher has passed away recently 😔</p>\n<p style=\"text-align: justify;\">I kind of felt sad for her because, well, I&#8217;m a middle-aged woman and I am beginning to feel self-conscious about my looks as I age.  I would certainly be completely hurt if I knew that men were laughing at the way that I have aged too.</p>\n<p style=\"text-align: justify;\">Shame on people that don&#8217;t allow us to age.  We are made to feel like it&#8217;s some kind of disease.  Screw aging gracefully in our culture that is obsessed by youth and trying to be younger (me included) because that&#8217;s just not reality.  It&#8217;s not allowed here.</p>\n<p style=\"text-align: justify;\">The thing is, men can age and look distinguished while women are not valued after a certain age.  It&#8217;s bad enough that they say &#8220;men always go younger&#8221; because they have an unfair advantage of dating women that are ten, fifteen, even twenty years younger but, women after fifty are invisible.</p>\n<p style=\"text-align: justify;\">I&#8217;m not here to rant about getting older or hate on younger women.  But,  I am here to ask why don&#8217;t women get a freakin break when it comes to aging?  Yeah, we get it, we are not accepted, we don&#8217;t age as well as men, blah, blah, blah, but really, could everyone just keep all the aging comments to themselves?</p>\n<p style=\"text-align: justify;\">Women have a lot of pressure already in our society and, add aging to it and, well, we can only control so much.  The last thing we need is some idiots laughing at our knees.</p>\n<p style=\"text-align: justify;\">Like I said, &#8220;An aging woman is not allowed.&#8221;  Wait I know, instead of &#8220;Anti-Aging&#8221; let&#8217;s &#8220;Positively Age!&#8221;</p>\n<h2 style=\"text-align: center;\"><span style=\"color: #ff00ff;\">If you would like to find more ways to Rejuvenate.  I have created a six-step course called &#8220;The Rejuvenation Program&#8221;</span></h2>\n<h2 style=\"text-align: center;\"><span style=\"color: #ff00ff;\"> You can check it out by clicking this link: <a href=\"http://www.therejuvenationprogram.com\">http://www.therejuvenationprogram.com</a></span></h2>\n<div id=\"attachment_8361\" style=\"width: 310px\" class=\"wp-caption aligncenter\"><img aria-describedby=\"caption-attachment-8361\" class=\"size-medium wp-image-8361\" src=\"https://myagingandwellness.com/wp-content/uploads/2018/08/The-Rejuvenation-Program-300x251.png\" alt=\"The Rejuvenation Program\" width=\"300\" height=\"251\" srcset=\"https://myagingandwellness.com/wp-content/uploads/2018/08/The-Rejuvenation-Program-300x251.png 300w, https://myagingandwellness.com/wp-content/uploads/2018/08/The-Rejuvenation-Program-768x644.png 768w, https://myagingandwellness.com/wp-content/uploads/2018/08/The-Rejuvenation-Program-624x523.png 624w, https://myagingandwellness.com/wp-content/uploads/2018/08/The-Rejuvenation-Program-600x503.png 600w, https://myagingandwellness.com/wp-content/uploads/2018/08/The-Rejuvenation-Program.png 940w\" sizes=\"(max-width: 300px) 100vw, 300px\" /><p id=\"caption-attachment-8361\" class=\"wp-caption-text\">The Rejuvenation Program</p></div>\n","featured_media":{"localFile":{"childImageSharp":{"resolutions":{"src":"/static/5df4b84aaa98965d169179818dbe5d15/1a478/20081488_s-400x280.jpg","width":300,"height":300}}}}},"site":{"siteMetadata":{"title":"A sample site using gatsby-source-wordpress","subtitle":"Data fetched from a site hosted on wordpress.com"}}},"pageContext":{"isCreatedByStatefulCreatePages":false,"id":"dd8cc2a0-1f26-5801-a81e-327fb033a1ee"}}