{"data":{"wordpressPost":{"title":"2 Different and Specific Cheat Sheets to Lose 5 to 15 Pounds Fast!","content":"<p>&nbsp;</p>\n<h3 id=\"primary-headline\" class=\"role-element leadstyle-text\" style=\"text-align: center;\">&#8220;2 Different and Specific Cheat Sheets to Lose 5 to 15 Pounds Fast!  Bonus:  No starving or exhausting yourself at the gym!&#8221;</h3>\n<p>&nbsp;</p>\n<p>&nbsp;</p>\n<p>Click below to get your &#8220;FREE&#8221;  Cheat Sheets:</p>\n<p><a href=\"https://theresaskrobanek.leadpages.co/cheatsheets/\">https://theresaskrobanek.leadpages.co/cheatsheets/</a></p>\n<p style=\"text-align: center; margin: 9.6pt 0in 9.6pt 0in;\" align=\"center\"><em><span style=\"font-size: 10.0pt; font-family: 'Verdana','sans-serif'; color: #111111;\">Before you go, I created “The 7 Steps to Rejuvenate and Renewal.” In just seven</span></em></p>\n<p style=\"text-align: center;\" align=\"center\"><em><span style=\"font-size: 10.0pt; font-family: 'Verdana','sans-serif'; color: #111111;\">steps you can feel amazing without depriving your self!  Click the link below:</span></em></p>\n<p style=\"text-align: center;\" align=\"center\"><em><span style=\"font-size: 10.0pt; font-family: 'Verdana','sans-serif'; color: #111111;\">THE REJUVENATION AND RENEWAL PLAN</span></em></p>\n<p style=\"text-align: center;\" align=\"center\"><strong><i><span style=\"font-size: 10.0pt; font-family: 'Verdana','sans-serif'; color: #111111;\"><a href=\"https://theresaskrobanek.leadpages.co/rejuvenate-renew/\"><span style=\"color: #ba1111; text-decoration: none; text-underline: none;\">https://theresaskrobanek.leadpages.co/rejuvenate-renew/</span></a></span></i></strong></p>\n<p>&nbsp;</p>\n","featured_media":{"localFile":null}},"site":{"siteMetadata":{"title":"A sample site using gatsby-source-wordpress","subtitle":"Data fetched from a site hosted on wordpress.com"}}},"pageContext":{"isCreatedByStatefulCreatePages":false,"id":"f5994cf6-abd7-5a2b-95b9-f62901b36f5e"}}