{"data":{"wordpressPost":{"title":"The more old you are the faster you get older","content":"<p style=\"text-align: justify;\">The more old you are the faster you get older</p>\n<p style=\"text-align: justify;\">Scary isn&#8217;t it?  I hate to write about this topic but really, I wan&#8217;t my skin to stop wrinkling!! I know, I did it to myself with all the sun bathing.  I should have listened when they tried to tell me and now all I hear is &#8221; I told you so.&#8221;</p>\n<p style=\"text-align: justify;\">I don&#8217;t need anyone to tell me because I&#8217;m paying the price for not listening, believe me!  I bleach my legs from all the sun spots but really, I can cover my legs.  What I can&#8217;t cover is how much my hands, my face and all the rest of the areas that have to be exposed everyday show how much and how fast I&#8217;m getting old.</p>\n<p style=\"text-align: justify;\">Sure, I should be grateful for what I have like my son said to me when I was folding clothes one day &#8220;I hate my hands&#8221; and he said &#8220;well mom, at least you have hands.&#8221; Damn him!! He is right! And at that moment, my nineteen year old son gave me perspective.</p>\n<p style=\"text-align: justify;\">Not that I don&#8217;t have perspective but, I am not always grateful I guess.  He&#8217;s right!  I should be grateful instead of complaining about how my hands are aging and yes, I should be grateful because some people never make it to my age (50 in a few months) but, well, while writing this post, I&#8217;m realizing that&#8230;</p>\n<p style=\"text-align: justify;\">I should be grateful I have hands and put on a little lipstick and go out to dinner and be happy to be alive 🙂</p>\n<p style=\"text-align: center; margin: 9.6pt 0in 9.6pt 0in;\" align=\"center\"><em><span style=\"font-size: 10.0pt; font-family: 'Verdana','sans-serif'; color: #111111;\">Before you go, I created “The 7 Steps to Rejuvenate and Renewal.” In just seven</span></em></p>\n<p style=\"text-align: center;\" align=\"center\"><em><span style=\"font-size: 10.0pt; font-family: 'Verdana','sans-serif'; color: #111111;\">steps you can feel amazing without depriving your self!  Click the link below:</span></em></p>\n<p style=\"text-align: center;\" align=\"center\"><em><span style=\"font-size: 10.0pt; font-family: 'Verdana','sans-serif'; color: #111111;\">THE REJUVENATION AND RENEWAL PLAN</span></em></p>\n<p style=\"text-align: center;\" align=\"center\"><strong><i><span style=\"font-size: 10.0pt; font-family: 'Verdana','sans-serif'; color: #111111;\"><a href=\"https://theresaskrobanek.leadpages.co/rejuvenate-renew/\"><span style=\"color: #ba1111; text-decoration: none; text-underline: none;\">https://theresaskrobanek.leadpages.co/rejuvenate-renew/</span></a></span></i></strong></p>\n<p>&nbsp;</p>\n","featured_media":{"localFile":{"childImageSharp":{"resolutions":{"src":"/static/589d1722e03a1cb3c402f2b8d0e0dacc/1a478/36953033_s-400x280.jpg","width":300,"height":300}}}}},"site":{"siteMetadata":{"title":"A sample site using gatsby-source-wordpress","subtitle":"Data fetched from a site hosted on wordpress.com"}}},"pageContext":{"isCreatedByStatefulCreatePages":false,"id":"5bec267d-deed-5c8b-aa02-27429acca5e3"}}