{"data":{"wordpressPost":{"title":"Westmore Body Cream Review","content":"<p>&nbsp;</p>\n<p>&nbsp;</p>\n<h2 style=\"text-align: center;\"><span style=\"color: #ff00ff;\">Westmore Body Cream Review</span></h2>\n<p>&nbsp;</p>\n<p><iframe width=\"625\" height=\"469\" src=\"https://www.youtube.com/embed/Rjen_XZXwoQ?feature=oembed\" frameborder=\"0\" allow=\"accelerometer; autoplay; encrypted-media; gyroscope; picture-in-picture\" allowfullscreen></iframe></p>\n","featured_media":{"localFile":{"childImageSharp":{"resolutions":{"src":"/static/4a3e2de4359f07955b24a7442955a688/1a478/Photo-on-12-4-18-at-2.40-PM.jpg","width":300,"height":300}}}}},"site":{"siteMetadata":{"title":"A sample site using gatsby-source-wordpress","subtitle":"Data fetched from a site hosted on wordpress.com"}}},"pageContext":{"isCreatedByStatefulCreatePages":false,"id":"27fe989f-8976-5afa-a608-484b75c59c5a"}}