{"data":{"wordpressPost":{"title":"Should you take Ginkgo everyday?","content":"<h3></h3>\n<h2 style=\"text-align: center;\"><span style=\"color: #339966;\">Should you take Ginkgo every day?</span></h2>\n<p>&nbsp;</p>\n<p>Research shows that taking Ginkgo can have positive short-term effects on the brain, specifically, memories, mood, and sociability.</p>\n<p>In a research study, half of a group was given Ginkgo, and the other half were given a placebo.</p>\n<p>The group that took the Ginkgo supplement had immediate and significant improvement in short-term memory, compared to the placebo group.</p>\n<p>Ginkgo is not a stimulant but sharpens memory by improving blood circulation and also, enhances the nerve and cell communications.</p>\n<p>Some people who take Ginkgo take it before doing projects like writing, reading or other tasks that require sharp mental clarity.  It&#8217;s almost like a brain boost.</p>\n<p>Those who take exams may want to take a dose of Ginkgo beforehand.</p>\n<p>Studies have also shown that Ginkgo helps with the delay of Alzheimer&#8217;s by slowing down the age-related effects of the disease.</p>\n<p>For those of us who are over forty, Ginkgo may play an important part in the age-related disease.  It may help with vision related disease and hearing loss.</p>\n<p>The herb also helps with boosting blood flow to tiny vessels that feed our eyes and ears.  Ginkgo may even go so far as protecting our eyesight from such diseases like diabetic retinopathy, cataracts, and macular degeneration.</p>\n<p>For our ears, it may help with tinnitus, vertigo, dizziness, and other equilibrium problems.</p>\n<p>Ginkgo shows to help with circulation problems for example, it can ease problems such as peripheral arterial insufficiency which is basically, poor circulation.</p>\n<p>An alternative to taking drugs, men can use Ginkgo for impotence caused by insufficient blood flow.</p>\n<p>Ginkgo offers another benefit against heart attack and stroke.  It helps prevent blood clots and sticky platelets.</p>\n<blockquote>\n<h2></h2>\n<h2 style=\"text-align: center;\"><span style=\"color: #339966;\"><strong>Should you take Ginkgo everyday?</strong></span></h2>\n<p>&nbsp;</p></blockquote>\n<p>Millions of people take Ginkgo everyday.  In many other countries, there is a standard recommendation that doctors give to their patients.</p>\n<p>The information given here is not to tell you to take any supplement without talking with your health care provider first.  However, it is clear that Ginkgo has it&#8217;s benefits and perhaps, you should do your own research to see if Ginkgo is right for you.</p>\n<p>The thing about taking Ginkgo is finding the right one to take.  They&#8217;re not all the same.  According to Timothy J. Smith, M.D. in his book &#8220;Renewal,&#8221; he suggests to his patients that they take &#8220;24 percent standardized extract.&#8221;</p>\n<p>Standardized means that basically, it was verified in an approved lab and measured for it&#8217;s effectiveness.</p>\n<p>As per Dr. Timothy J. Smith, he suggests to stay clear of all non-standardized products because one never knows if they are getting a therapeutic dose or not.</p>\n<p>To recap here, taking a standardized Ginkgo everyday has proven to help with the nervous system, circulatory system and sensory system.</p>\n<p>Referenced from: &#8220;Renewal&#8221; By Timothy J. Smith, M.D.</p>\n<h3 style=\"text-align: center;\"><span style=\"color: #ff00ff;\">If you would like to find more ways to Rejuvenate.  I have created a six-step course called &#8220;The Rejuvenation Program&#8221;</span></h3>\n<h3 style=\"text-align: center;\"><span style=\"color: #ff00ff;\"> You can check it out by clicking this link: <a href=\"http://www.therejuvenationprogram.com\">http://www.therejuvenationprogram.com</a></span></h3>\n<div id=\"attachment_8361\" style=\"width: 310px\" class=\"wp-caption aligncenter\"><img aria-describedby=\"caption-attachment-8361\" class=\"size-medium wp-image-8361\" src=\"https://myagingandwellness.com/wp-content/uploads/2018/08/The-Rejuvenation-Program-300x251.png\" alt=\"The Rejuvenation Program\" width=\"300\" height=\"251\" srcset=\"https://myagingandwellness.com/wp-content/uploads/2018/08/The-Rejuvenation-Program-300x251.png 300w, https://myagingandwellness.com/wp-content/uploads/2018/08/The-Rejuvenation-Program-768x644.png 768w, https://myagingandwellness.com/wp-content/uploads/2018/08/The-Rejuvenation-Program-624x523.png 624w, https://myagingandwellness.com/wp-content/uploads/2018/08/The-Rejuvenation-Program-600x503.png 600w, https://myagingandwellness.com/wp-content/uploads/2018/08/The-Rejuvenation-Program.png 940w\" sizes=\"(max-width: 300px) 100vw, 300px\" /><p id=\"caption-attachment-8361\" class=\"wp-caption-text\">The Rejuvenation Program</p></div>\n<p style=\"text-align: center; margin: 9.6pt 0in 9.6pt 0in;\" align=\"center\">\n","featured_media":{"localFile":null}},"site":{"siteMetadata":{"title":"A sample site using gatsby-source-wordpress","subtitle":"Data fetched from a site hosted on wordpress.com"}}},"pageContext":{"isCreatedByStatefulCreatePages":false,"id":"5bd51b42-44ef-5f15-b8aa-44c254065ffb"}}