{"data":{"wordpressPost":{"title":"Teeth Whitening Power Swabs Review","content":"<p> </p>\n<p> </p>\n<h2 style=\"text-align: center;\"><span style=\"color: #ff00ff;\">Teeth Whitening Power Swabs Review</span></h2>\n<p style=\"text-align: center;\">Here is the link to the product: <strong><span style=\"color: #ff0000;\"><a style=\"color: #ff0000;\" href=\"https://amzn.to/2WYY4KM\">https://amzn.to/2WYY4KM</a></span></strong></p>\n<p> </p>\n<p> </p>\n<p><iframe width=\"625\" height=\"352\" src=\"https://www.youtube.com/embed/XXMIe7nTHpo?feature=oembed\" frameborder=\"0\" allow=\"accelerometer; autoplay; encrypted-media; gyroscope; picture-in-picture\" allowfullscreen></iframe></p>\n<p> </p>\n<p style=\"text-align: center;\">Here is the link to the product: <strong><span style=\"color: #ff0000;\"><a style=\"color: #ff0000;\" href=\"https://amzn.to/2WYY4KM\">https://amzn.to/2WYY4KM</a></span></strong></p>\n<p> </p>\n<div id=\"attachment_8674\" style=\"width: 310px\" class=\"wp-caption aligncenter\"><a href=\"https://amzn.to/2WYY4KM\"><img aria-describedby=\"caption-attachment-8674\" class=\"size-medium wp-image-8674\" src=\"https://myagingandwellness.com/wp-content/uploads/2019/02/Screen-Shot-2019-02-12-at-2.33.22-PM-300x239.png\" alt=\"https://amzn.to/2WYY4KM\" width=\"300\" height=\"239\" srcset=\"https://myagingandwellness.com/wp-content/uploads/2019/02/Screen-Shot-2019-02-12-at-2.33.22-PM-300x239.png 300w, https://myagingandwellness.com/wp-content/uploads/2019/02/Screen-Shot-2019-02-12-at-2.33.22-PM-768x612.png 768w, https://myagingandwellness.com/wp-content/uploads/2019/02/Screen-Shot-2019-02-12-at-2.33.22-PM-624x497.png 624w, https://myagingandwellness.com/wp-content/uploads/2019/02/Screen-Shot-2019-02-12-at-2.33.22-PM-600x478.png 600w, https://myagingandwellness.com/wp-content/uploads/2019/02/Screen-Shot-2019-02-12-at-2.33.22-PM.png 848w\" sizes=\"(max-width: 300px) 100vw, 300px\" /></a><p id=\"caption-attachment-8674\" class=\"wp-caption-text\"><a href=\"https://amzn.to/2WYY4KM\">Power Swabs Review for teeth whitening</a></p></div>\n<p> </p>\n<p class=\"p1\" style=\"text-align: center;\"><strong><span style=\"color: #ff00ff;\">If you want to seriously get smoother skin then check out my &#8220;Smooth Skin&#8221; course.  </span></strong></p>\n<p class=\"p1\" style=\"text-align: center;\"><strong><span style=\"color: #ff00ff;\">Just four quick steps to make your skin younger guaranteed!  </span></strong></p>\n<p class=\"p1\" style=\"text-align: center;\"><strong><span style=\"color: #ff00ff;\">Click the link to watch the video: </span></strong><a href=\"https://how-to-get-smoother-skin.teachable.com/p/smooth-skin\"><span class=\"s1\"> https://how-to-get-smoother-skin.teachable.com/p/smooth-skin</span></a></p>\n<div id=\"attachment_8770\" style=\"width: 310px\" class=\"wp-caption aligncenter\"><img aria-describedby=\"caption-attachment-8770\" class=\"size-medium wp-image-8770\" src=\"https://myagingandwellness.com/wp-content/uploads/2019/03/Screen-Shot-2019-03-19-at-2.36.22-PM-300x200.png\" alt=\"How to get smooth skin\" width=\"300\" height=\"200\" srcset=\"https://myagingandwellness.com/wp-content/uploads/2019/03/Screen-Shot-2019-03-19-at-2.36.22-PM-300x200.png 300w, https://myagingandwellness.com/wp-content/uploads/2019/03/Screen-Shot-2019-03-19-at-2.36.22-PM-768x511.png 768w, https://myagingandwellness.com/wp-content/uploads/2019/03/Screen-Shot-2019-03-19-at-2.36.22-PM-1024x681.png 1024w, https://myagingandwellness.com/wp-content/uploads/2019/03/Screen-Shot-2019-03-19-at-2.36.22-PM-624x415.png 624w, https://myagingandwellness.com/wp-content/uploads/2019/03/Screen-Shot-2019-03-19-at-2.36.22-PM-600x399.png 600w, https://myagingandwellness.com/wp-content/uploads/2019/03/Screen-Shot-2019-03-19-at-2.36.22-PM.png 1230w\" sizes=\"(max-width: 300px) 100vw, 300px\" /><p id=\"caption-attachment-8770\" class=\"wp-caption-text\"><a href=\"https://how-to-get-smoother-skin.teachable.com/p/smooth-skin\">How to get smooth skin</a></p></div>\n<p> </p>\n\n\n<p></p>\n","featured_media":{"localFile":{"childImageSharp":{"resolutions":{"src":"/static/c7e0d76805dfe432cac51853b3b3f7cf/c0005/Untitled-design-4.png","width":300,"height":300}}}}},"site":{"siteMetadata":{"title":"A sample site using gatsby-source-wordpress","subtitle":"Data fetched from a site hosted on wordpress.com"}}},"pageContext":{"isCreatedByStatefulCreatePages":false,"id":"b52f4f79-ecae-5c01-9493-3f40046296f1"}}