{"data":{"allWordpressPost":{"edges":[{"node":{"title":"The Wound &#038; Repair Your Skin Blueprint","excerpt":"<p>The Wound &#038; Repair Your Skin Blueprint for beautiful skin at home and without a plastic surgeon,</p>\n","slug":"the-wound-repair-your-skin-blueprint","date":"March 31, 2019","tags":null,"categories":[{"name":"Aging"},{"name":"Aging and Health"},{"name":"Smoother Skin"},{"name":"wrinkles"},{"name":"Younger skin"}],"featured_media":{"localFile":{"childImageSharp":{"resolutions":{"src":"/static/fec629c619786f9345d301ca166cfb93/1ad1b/Xoxo-copy-2.png","width":222,"height":222}}}}}},{"node":{"title":"No7 Serum &#038; 3000 Matrixyl Peptide Review 😀","excerpt":"<p>An anti aging product that actually works!</p>\n","slug":"no7-serum-3000-matrixyl-peptide-review-%f0%9f%98%80","date":"March 26, 2019","tags":[{"name":"#No7 serum"},{"name":"anti aging products"},{"name":"how to look good for your age"}],"categories":[{"name":"Aging"},{"name":"Anti-Aging Products"},{"name":"smooth skin"},{"name":"Smoother Skin"}],"featured_media":{"localFile":{"childImageSharp":{"resolutions":{"src":"/static/60182a20b5f85ca1f1c3ab272a5fcfb1/1ad1b/No.7-Serum-Matrixyl-3000-Peptide-Review.png","width":222,"height":222}}}}}},{"node":{"title":"Too Faced Sugar Peach Face &#038; Eye Palette Review","excerpt":"<p>Here is my affiliate link if you want to check out the product in this video: https://amzn.to/2UaPpGK</p>\n","slug":"too-faced-sugar-peach-face-eye-palette-review","date":"March 25, 2019","tags":null,"categories":[{"name":"Uncategorized"}],"featured_media":{"localFile":{"childImageSharp":{"resolutions":{"src":"/static/5ac1a219f0bdf52a8749d5218f656f4d/1ad1b/Screen-Shot-2019-03-25-at-11.05.09-AM.png","width":222,"height":222}}}}}},{"node":{"title":"Avalon Vitamin C Serum and skin care for less money..","excerpt":"<p>Avalon Vitamin C Serum &#038; Organic Skin Care.  Vitamin C Serum for a lot less money that works great~</p>\n","slug":"avalon-vitamin-c-serum-and-skin-care-for-less-money","date":"March 24, 2019","tags":null,"categories":[{"name":"Uncategorized"}],"featured_media":{"localFile":{"childImageSharp":{"resolutions":{"src":"/static/c77c67f6dc64d1986ad3c6e5ce6b21ba/1ad1b/Organic-Vitamin-C-Serum-for-a-whole-lot-less-money.png","width":222,"height":222}}}}}},{"node":{"title":"Wink frozen desert for keto diet review","excerpt":"<p>If you&#8217;re on the Keto diet or just trying to avoid a lot of carbs, then this desert might be</p>\n","slug":"8788-2","date":"March 23, 2019","tags":[{"name":"wink desert"}],"categories":[{"name":"Uncategorized"}],"featured_media":{"localFile":{"childImageSharp":{"resolutions":{"src":"/static/d299dc8e5bce9ce42555760124e3174a/1ad1b/Screen-Shot-2019-03-23-at-11.58.16-AM.png","width":222,"height":222}}}}}}]}},"pageContext":{"isCreatedByStatefulCreatePages":true}}