{"data":{"wordpressPost":{"title":"How to use Frankincense to get rid of brown spots","content":"<p><iframe title=\"Brown spots and Frankincense Oil\" src=\"https://player.vimeo.com/video/208209676\" width=\"563\" height=\"1000\" frameborder=\"0\" allowfullscreen=\"allowfullscreen\"></iframe></p>\n<h2 style=\"text-align: center;\"><span style=\"color: #ff00ff;\">If you seriously want smoother skin then check out my &#8220;Smooth Skin&#8221; course where I will show you exactly how I get it.  No needles, fillers or surgeons needed here!</span></h2>\n<h2 style=\"text-align: center;\"><span style=\"color: #ff00ff;\">https://how-to-get-smoother-skin.teachable.com</span></h2>\n<p style=\"text-align: left;\"><strong><span style=\"color: #800080;\">Just a quick note.  I am putting my affiliate links to two products that I swear by below.  Vitamin C &amp; E Serum is fantastic for smoothing out and evening out your skin and, TNS Recovery Complex is amazing in that it has the most growth factors that help me with skin texture and wrinkles!</span></strong></p>\n<ol>\n<li><b><i> Vitamin C + E Serum  </i></b><b><i> </i></b><b><i>(</i></b><a href=\"http://amzn.to/2nLH9fh\"><b><i>http://amzn.to/2nLH9fh</i></b></a><b><i>)  </i></b></li>\n<li><b><i> </i></b><b><i>TNS Recovery Complex   </i></b><b><i>(</i></b><a href=\"http://amzn.to/2oKKTLR\"><b><i>http://amzn.to/2oKKTLR</i></b></a><b><i>)</i></b></li>\n</ol>\n","featured_media":null},"site":{"siteMetadata":{"title":"A sample site using gatsby-source-wordpress","subtitle":"Data fetched from a site hosted on wordpress.com"}}},"pageContext":{"isCreatedByStatefulCreatePages":false,"id":"51ce4d2b-14c7-5d67-ae45-a5d9434388d5"}}