{"data":{"wordpressPage":{"title":"Contact me, advertise or I&#8217;ll try your product","content":"<p>[vc_row][vc_column][vc_single_image image=&#8221;7521&#8243; img_size=&#8221;full&#8221; alignment=&#8221;center&#8221;][vc_empty_space height=&#8221;65px&#8221;][/vc_column][/vc_row][vc_row][vc_column]<div role=\"form\" class=\"wpcf7\" id=\"wpcf7-f1095-o2\" lang=\"en-US\" dir=\"ltr\">\n<div class=\"screen-reader-response\"></div>\n<form action=\"/wp-json/wp/v2/pages?per_page=100&#038;page=1#wpcf7-f1095-o2\" method=\"post\" class=\"wpcf7-form style-default bg-item-white\" novalidate=\"novalidate\">\n<div style=\"display: none;\">\n<input type=\"hidden\" name=\"_wpcf7\" value=\"1095\" />\n<input type=\"hidden\" name=\"_wpcf7_version\" value=\"5.1.1\" />\n<input type=\"hidden\" name=\"_wpcf7_locale\" value=\"en_US\" />\n<input type=\"hidden\" name=\"_wpcf7_unit_tag\" value=\"wpcf7-f1095-o2\" />\n<input type=\"hidden\" name=\"_wpcf7_container_post\" value=\"0\" />\n<input type=\"hidden\" name=\"g-recaptcha-response\" value=\"\" />\n</div>\n<div class=\"row\">\n<div class=\"col-xs-12 col-sm-6 col-md-6 col-lg-6\">\n<div class=\"wpcf7-form-item\"><i class=\"fa fa-user\"></i><span class=\"wpcf7-form-control-wrap you_name\"><input type=\"text\" name=\"you_name\" value=\"\" size=\"40\" class=\"wpcf7-form-control wpcf7-text wpcf7-validates-as-required\" aria-required=\"true\" aria-invalid=\"false\" placeholder=\"Your Name*\" /></span></div></div>\n<div class=\"col-xs-12 col-sm-6 col-md-6 col-lg-6\">\n<div class=\"wpcf7-form-item\"><i class=\"fa fa-envelope\"></i><span class=\"wpcf7-form-control-wrap email\"><input type=\"email\" name=\"email\" value=\"\" size=\"40\" class=\"wpcf7-form-control wpcf7-text wpcf7-email wpcf7-validates-as-required wpcf7-validates-as-email\" aria-required=\"true\" aria-invalid=\"false\" placeholder=\"Your Email*\" /></span></div></div>\n</div>\n<div class=\"row\">\n<div class=\"col-xs-12 col-sm-12 col-md-12 col-lg-12\">\n<div class=\"wpcf7-form-item\"><i class=\"fa fa-user\"></i><span class=\"wpcf7-form-control-wrap Subject\"><input type=\"text\" name=\"Subject\" value=\"\" size=\"40\" class=\"wpcf7-form-control wpcf7-text wpcf7-validates-as-required\" aria-required=\"true\" aria-invalid=\"false\" placeholder=\"Subject*\" /></span></div></div>\n</div>\n<div class=\"row\">\n<div class=\"col-xs-12 col-sm-12 col-md-12 col-lg-12\">\n<div class=\"wpcf7-form-item\"><i class=\"fa fa-comment-o\"></i><span class=\"wpcf7-form-control-wrap message\"><textarea name=\"message\" cols=\"40\" rows=\"10\" class=\"wpcf7-form-control wpcf7-textarea wpcf7-validates-as-required\" aria-required=\"true\" aria-invalid=\"false\" placeholder=\"Your Message*\"></textarea></span></div></div>\n</div>\n<div class=\"row\">\n<div class=\"col-xs-12 col-sm-12 col-md-12 col-lg-12\"><span class=\"btn-3d-wrapper\"><input type=\"submit\" value=\"SEND\" class=\"wpcf7-form-control wpcf7-submit btn btn-block btn-3d-bottom btn-3d btn-default\" /></span></div>\n</div>\n<div class=\"wpcf7-response-output wpcf7-display-none\"></div></form></div>[vc_empty_space height=&#8221;60px&#8221;][/vc_column][/vc_row]</p>\n","date":"November 24, 2015"},"site":{"id":"Site","siteMetadata":{"title":"A sample site using gatsby-source-wordpress","subtitle":"Data fetched from a site hosted on wordpress.com"}}},"pageContext":{"isCreatedByStatefulCreatePages":false,"id":"92f82fdb-3387-5754-80e1-6c6ba8b21b66"}}