{"data":{"wordpressPost":{"title":"Do you want your face to look younger without Plastic Surgery?","content":"<p style=\"text-align: justify;\">I have created a free PDF on how I avoid plastic surgery!  I promise it works and it only takes about three to five minutes a day and the few products that you&#8217;ll need, you can get at your local Walgreens or at Amazon.</p>\n<p style=\"text-align: justify;\"><strong><em>If you would like to know how you can really look ten years younger doing 5 things a day, download my PDF below:</em></strong></p>\n<p style=\"text-align: justify;\"><a href=\"https://theresaskrobanek.leadpages.co/the-5-huge-mistakes\">https://theresaskrobanek.leadpages.co/the-5-huge-mistakes-/</a></p>\n<p style=\"text-align: center; margin: 9.6pt 0in 9.6pt 0in;\" align=\"center\"><em><span style=\"font-size: 10.0pt; font-family: 'Verdana','sans-serif'; color: #111111;\">Before you go, I created “The 7 Steps to Rejuvenate and Renewal.” In just seven</span></em></p>\n<p style=\"text-align: center;\" align=\"center\"><em><span style=\"font-size: 10.0pt; font-family: 'Verdana','sans-serif'; color: #111111;\">steps you can feel amazing without depriving your self!  Click the link below:</span></em></p>\n<p style=\"text-align: center;\" align=\"center\"><em><span style=\"font-size: 10.0pt; font-family: 'Verdana','sans-serif'; color: #111111;\">THE REJUVENATION AND RENEWAL PLAN</span></em></p>\n<p style=\"text-align: center;\" align=\"center\"><strong><i><span style=\"font-size: 10.0pt; font-family: 'Verdana','sans-serif'; color: #111111;\"><a href=\"https://theresaskrobanek.leadpages.co/rejuvenate-renew/\"><span style=\"color: #ba1111; text-decoration: none; text-underline: none;\">https://theresaskrobanek.leadpages.co/rejuvenate-renew/</span></a></span></i></strong></p>\n<p>&nbsp;</p>\n","featured_media":{"localFile":null}},"site":{"siteMetadata":{"title":"A sample site using gatsby-source-wordpress","subtitle":"Data fetched from a site hosted on wordpress.com"}}},"pageContext":{"isCreatedByStatefulCreatePages":false,"id":"05564211-3068-5057-82bf-35d14fb1e7ba"}}