{"data":{"wordpressPost":{"title":"Tria Laser Review","content":"<h1></h1>\n<h1 style=\"text-align: center;\"><span style=\"color: #ff00ff;\">Tria Laser Review</span></h1>\n<p>&nbsp;</p>\n<p><iframe width=\"625\" height=\"352\" src=\"https://www.youtube.com/embed/o3ALtecqoCk?feature=oembed\" frameborder=\"0\" allow=\"autoplay; encrypted-media\" allowfullscreen></iframe></p>\n<p>&nbsp;</p>\n<p>Here is my affiliate link but my all means buy it anywhere 🙂 <strong><a href=\"https://amzn.to/2OyoTQW\"> https://amzn.to/2OyoTQW</a></strong></p>\n<p>&nbsp;</p>\n<h3 style=\"text-align: center;\"><span style=\"color: #ff00ff;\">If you seriously want to have younger skin without paying a doctor then check out my 4 step course here: </span></h3>\n<h3 style=\"text-align: center;\"><span style=\"color: #0000ff;\"><a style=\"color: #0000ff;\" href=\"https://how-to-get-smoother-skin.teachable.com\">https://how-to-get-smoother-skin.teachable.com</a></span></h3>\n<p>&nbsp;</p>\n<div id=\"attachment_8372\" style=\"width: 310px\" class=\"wp-caption aligncenter\"><img aria-describedby=\"caption-attachment-8372\" class=\"size-medium wp-image-8372\" src=\"https://myagingandwellness.com/wp-content/uploads/2018/06/hello-300x169.png\" alt=\"Smooth Skin Course\" width=\"300\" height=\"169\" srcset=\"https://myagingandwellness.com/wp-content/uploads/2018/06/hello-300x169.png 300w, https://myagingandwellness.com/wp-content/uploads/2018/06/hello-768x432.png 768w, https://myagingandwellness.com/wp-content/uploads/2018/06/hello-1024x576.png 1024w, https://myagingandwellness.com/wp-content/uploads/2018/06/hello-624x351.png 624w, https://myagingandwellness.com/wp-content/uploads/2018/06/hello-600x338.png 600w\" sizes=\"(max-width: 300px) 100vw, 300px\" /><p id=\"caption-attachment-8372\" class=\"wp-caption-text\">How to get smooth skin at home</p></div>\n","featured_media":{"localFile":null}},"site":{"siteMetadata":{"title":"A sample site using gatsby-source-wordpress","subtitle":"Data fetched from a site hosted on wordpress.com"}}},"pageContext":{"isCreatedByStatefulCreatePages":false,"id":"3d1e6d3f-c51b-591b-9f71-4693639b694b"}}