{"data":{"wordpressPost":{"title":"CHEMICALS AND HORMONE DISRUPTION","content":"<p style=\"text-align: center;\">CHEMICALS AND HORMONE DISRUPTION</p>\n<p style=\"text-align: justify;\">I will start with pesticides and how they affect our hormones.</p>\n<p style=\"text-align: justify;\">Many of the most widely used pesticides are known to copy estrogenic hormones.  This is because they firmly bind to hormone receptor sites in the body.</p>\n<p style=\"text-align: justify;\">Strange things are happening to our bodies, moreover to our youth.  Although some may deny that there is a connection between pesticides and hormone related issues, however, the fact is, even in minute doses, they can cause abnormal functions of our immune system, reproductive system, and central nervous system.</p>\n<p style=\"text-align: justify;\">For example PCB’s are in the environment and can act like thyroid hormone.  I myself was recently diagnosed with thyroid disease and so was my mother, sister in law, friends and some co-workers.</p>\n<p style=\"text-align: justify;\">I have often wondered if there is something causing this other than our own natural deterioration.  When most everyone you know is on the same medication with the same diagnoses, I believe something is happening and, some questions should be answered.</p>\n<p style=\"text-align: justify;\">Then there is Dioxin in bleached products we consume which depletes sperm production and does other harmful things.  Nonylphenols that are added to plastic also mimics estrogen.</p>\n<p style=\"text-align: justify;\">I can keep going and add to the list but you get the picture. I am not writing this to create fear, nor do I want you to live in a bubble, that’s not the point.</p>\n<p style=\"text-align: justify;\">What I do want to convey is for you to understand that certain chemicals and pesticides disrupt the endocrine system.  This is the system that balances out our hormones.</p>\n<p style=\"text-align: center; margin: 9.6pt 0in 9.6pt 0in;\" align=\"center\"><em><span style=\"font-size: 10.0pt; font-family: 'Verdana','sans-serif'; color: #111111;\">Before you go, I created “The 7 Steps to Rejuvenate and Renewal.” In just seven</span></em></p>\n<p style=\"text-align: center;\" align=\"center\"><em><span style=\"font-size: 10.0pt; font-family: 'Verdana','sans-serif'; color: #111111;\">steps you can feel amazing without depriving your self!  Click the link below:</span></em></p>\n<p style=\"text-align: center;\" align=\"center\"><em><span style=\"font-size: 10.0pt; font-family: 'Verdana','sans-serif'; color: #111111;\">THE REJUVENATION AND RENEWAL PLAN</span></em></p>\n<p style=\"text-align: center;\" align=\"center\"><strong><i><span style=\"font-size: 10.0pt; font-family: 'Verdana','sans-serif'; color: #111111;\"><a href=\"https://theresaskrobanek.leadpages.co/rejuvenate-renew/\"><span style=\"color: #ba1111; text-decoration: none; text-underline: none;\">https://theresaskrobanek.leadpages.co/rejuvenate-renew/</span></a></span></i></strong></p>\n","featured_media":{"localFile":{"childImageSharp":{"resolutions":{"src":"/static/3088648e5b6d95ac104b325b02e61566/1a478/25010665_s-379x280.jpg","width":300,"height":300}}}}},"site":{"siteMetadata":{"title":"A sample site using gatsby-source-wordpress","subtitle":"Data fetched from a site hosted on wordpress.com"}}},"pageContext":{"isCreatedByStatefulCreatePages":false,"id":"cdb0f1bf-e48e-50ed-8a8a-38e4c581f56f"}}