{"data":{"wordpressPost":{"title":"How to get rid of rough texture on your face","content":"<p>&nbsp;</p>\n<h2 style=\"text-align: center;\"><span style=\"color: #ff00ff;\"><strong>How to get rid of rough texture on your face</strong></span></h2>\n<p>&nbsp;</p>\n<h3 style=\"text-align: center;\"><span style=\"text-decoration: underline; color: #ff00ff;\"><strong>This is how I smooth out my skin</strong></span></h3>\n<h3><span style=\"color: #339966;\"><u>Mornings:</u></span></h3>\n<ol>\n<li>Cleanse my face.</li>\n<li>Use a daily, morning swipe of Glycolic 10% daily exfoliate ( it will make your cheeks pink and shine through your makeup. It looks nice).  I get this at Skin-peel.com.</li>\n<li>Apply <a href=\"http://amzn.to/2nLH9fh\">Vitamin C-serum</a>, 20%. I get mine on Amazon.com.</li>\n<li>Apply growth factors, (<a href=\"http://amzn.to/2oKKTLR\">TNS serum</a>). I get this also on Amazon.com</li>\n<li>Eye cream made specifically for eyes.</li>\n<li>Apply a good moisturizer.</li>\n<li>Apply sunscreen.</li>\n</ol>\n<h3><span style=\"color: #339966;\"><u> </u><u>Before bed:</u></span></h3>\n<ol>\n<li>Exfoliate and cleanse with a Clarisonic face brush.</li>\n<li>Apply growth factors (TNS serum).</li>\n<li>Apply Retin-A (get a prescription from your doctor and get a coupon from GoodRx.com. It’s much cheaper this way).</li>\n<li>Eye cream made specifically for eyes.</li>\n<li>Apply a good moisturizer.</li>\n</ol>\n<h2 style=\"text-align: center;\"><span style=\"text-decoration: underline; color: #ff00ff;\"><strong>Here’s the best part!</strong></span></h2>\n<p>&nbsp;</p>\n<p style=\"text-align: justify;\">Every other Sunday, I do a skin peel.  I use a skin peel called the Jessner Peel 14%.  I get it at <a href=\"http://www.skin-peel.com\">http://www.skin-peel.com</a>.  If you do this, please talk to the consultants before purchasing to make sure this is right for you.</p>\n<p style=\"text-align: justify;\"><strong>LITTLE SECRET:  I use a blow dryer!!</strong></p>\n<p style=\"text-align: justify;\">Let me explain…. I put a good amount of the Jessner solution on a cotton ball and smooth it all over my face.  I do this a few times (the more times that you do it, the deeper the peel).  Try one pass at a time when starting out.  Of course, always follow the directions that come with the product first.  But trust me on the blow dryer. J</p>\n<p style=\"text-align: justify;\">The peel burns so take a blow dryer and set it on the cool setting and keep it on your face while the peel is working it’s magic! It only takes a few minutes.</p>\n<p style=\"text-align: justify;\">The next day or so, your skin will peel a little or flake.  Viola! This is the old texture and new skin coming through.</p>\n<p style=\"text-align: justify;\">Do this every two weeks to see good results.  Keep your new skin covered with sunscreen and keep using your Retin-A.</p>\n<p style=\"text-align: justify;\">Using Retin-A, peels, and, sunscreen will work in synergy to give you that beautiful baby skin!</p>\n<p style=\"text-align: justify;\">Enjoy 🙂</p>\n<p style=\"text-align: left;\"><strong><span style=\"color: #800080;\">Just a quick note.  I am putting my affiliate links to two products that I swear by below.  Vitamin C &amp; E Serum is fantastic for smoothing out and evening out your skin and, TNS Recovery Complex is amazing in that it has the most growth factors that help me with skin texture and wrinkles!</span></strong></p>\n<ol>\n<li><b><i> Vitamin C + E Serum  </i></b><b><i> </i></b><b><i>(</i></b><a href=\"http://amzn.to/2nLH9fh\"><b><i>http://amzn.to/2nLH9fh</i></b></a><b><i>)  </i></b></li>\n<li><b><i> </i></b><b><i>TNS Recovery Complex   </i></b><b><i>(</i></b><a href=\"http://amzn.to/2oKKTLR\"><b><i>http://amzn.to/2oKKTLR</i></b></a><b><i>) </i></b></li>\n</ol>\n<h3 style=\"text-align: center;\"><span style=\"color: #ff00ff;\">If you seriously want smoother skin then check out my &#8220;Smooth Skin&#8221; course where I will show you exactly how I get it.  No needles, fillers or surgeons needed here!</span></h3>\n<h3 style=\"text-align: center;\"><a href=\"https://how-to-get-smoother-skin.teachable.com\"><span style=\"color: #ff00ff;\">https://how-to-get-smoother-skin.teachable.com</span></a></h3>\n<div id=\"attachment_8358\" style=\"width: 310px\" class=\"wp-caption aligncenter\"><img aria-describedby=\"caption-attachment-8358\" class=\"size-medium wp-image-8358\" src=\"https://myagingandwellness.com/wp-content/uploads/2018/08/How-to-get-old-and-be-happy-300x251.png\" alt=\"Smooth Skin Course\" width=\"300\" height=\"251\" srcset=\"https://myagingandwellness.com/wp-content/uploads/2018/08/How-to-get-old-and-be-happy-300x251.png 300w, https://myagingandwellness.com/wp-content/uploads/2018/08/How-to-get-old-and-be-happy-768x644.png 768w, https://myagingandwellness.com/wp-content/uploads/2018/08/How-to-get-old-and-be-happy-624x523.png 624w, https://myagingandwellness.com/wp-content/uploads/2018/08/How-to-get-old-and-be-happy-600x503.png 600w, https://myagingandwellness.com/wp-content/uploads/2018/08/How-to-get-old-and-be-happy.png 940w\" sizes=\"(max-width: 300px) 100vw, 300px\" /><p id=\"caption-attachment-8358\" class=\"wp-caption-text\">How to get smooth skin without a doctor!</p></div>\n","featured_media":{"localFile":null}},"site":{"siteMetadata":{"title":"A sample site using gatsby-source-wordpress","subtitle":"Data fetched from a site hosted on wordpress.com"}}},"pageContext":{"isCreatedByStatefulCreatePages":false,"id":"fffd17fd-c1c3-5802-b27f-1a7a52686ee7"}}