{"data":{"wordpressPost":{"title":"Nectifirm after one month","content":"<p>&nbsp;</p>\n<h2 style=\"text-align: center;\">Nectifirm after one month</h2>\n<p style=\"text-align: center;\"><iframe src=\"https://player.vimeo.com/video/223908742\" width=\"640\" height=\"360\" frameborder=\"0\" allowfullscreen=\"allowfullscreen\"></iframe></p>\n<p style=\"text-align: center;\"><a href=\"https://vimeo.com/223908742\">Nectifirm after one month</a> from <a href=\"https://vimeo.com/theresaskrobanek\">THERESA SKROBANEK</a> on <a href=\"https://vimeo.com\">Vimeo</a>.</p>\n<p>&nbsp;</p>\n<h3 style=\"text-align: center;\"><span style=\"color: #ff00ff;\">If you seriously want smoother skin then check out my &#8220;Smooth Skin&#8221; course where I will show you exactly how I get it.  No needles, fillers or surgeons needed here!</span></h3>\n<h4 style=\"text-align: center;\"><a href=\"https://how-to-get-smoother-skin.teachable.com\"><span style=\"color: #ff0000;\">https://how-to-get-smoother-skin.teachable.com</span></a></h4>\n<p style=\"text-align: center;\"><img class=\"alignnone size-full wp-image-7855\" src=\"https://myagingandwellness.com/wp-content/uploads/2017/06/GIFlogoColorSmall.gif\" alt=\"\" width=\"250\" height=\"151\" /></p>\n<p>&nbsp;</p>\n<p>&nbsp;</p>\n<p>&nbsp;</p>\n<p>&nbsp;</p>\n<p>&nbsp;</p>\n<p>&nbsp;</p>\n<p>&nbsp;</p>\n<p style=\"text-align: center;\">\n","featured_media":null},"site":{"siteMetadata":{"title":"A sample site using gatsby-source-wordpress","subtitle":"Data fetched from a site hosted on wordpress.com"}}},"pageContext":{"isCreatedByStatefulCreatePages":false,"id":"02787f8c-6d53-5dfd-808e-c9fcf85c0ec3"}}