{"data":{"wordpressPost":{"title":"How to get a smoother neck without surgery or procedures","content":"<h2 style=\"text-align: center;\"><span style=\"color: #ff00ff;\">How to get a smoother neck without surgery or procedures</span></h2>\n<p>&nbsp;</p>\n<p><iframe src=\"https://player.vimeo.com/video/213588781?app_id=122963\" width=\"625\" height=\"352\" frameborder=\"0\" title=\"NECTIFIRMVIDEO1\" webkitallowfullscreen mozallowfullscreen allowfullscreen></iframe></p>\n<h3 style=\"text-align: center;\"><span style=\"color: #ff00ff;\">If you seriously want smoother skin then check out my &#8220;Smooth Skin&#8221; course where I will show you exactly how I get it.  No needles, fillers or surgeons needed here!</span></h3>\n<h3 style=\"text-align: center;\"><a href=\"https://how-to-get-smoother-skin.teachable.com\"><span style=\"color: #ff00ff;\">https://how-to-get-smoother-skin.teachable.com</span></a></h3>\n","featured_media":{"localFile":null}},"site":{"siteMetadata":{"title":"A sample site using gatsby-source-wordpress","subtitle":"Data fetched from a site hosted on wordpress.com"}}},"pageContext":{"isCreatedByStatefulCreatePages":false,"id":"07175035-7759-52d1-9f0b-9f3c6f439ff5"}}