{"data":{"allWordpressPost":{"edges":[{"node":{"title":"Welcome to My Aging and Wellness&#8230;","excerpt":"<p>Hello everyone. Today is the new beginning of this blog! I say new because it’s been hacked and shut down</p>\n","slug":"hello-world-2","date":"August 06, 2015","tags":[{"name":"aging"},{"name":"over 40"},{"name":"over 50"},{"name":"over 60"},{"name":"over 70"},{"name":"over 80"}],"categories":[{"name":"Uncategorized"}],"featured_media":{"localFile":{"childImageSharp":{"resolutions":{"src":"/static/07144dd22ab54447c2e0894bc8d5b667/1ed7a/meandbrandi-2-400x280.jpg","width":222,"height":222}}}}}},{"node":{"title":"Do you want your face to look younger without Plastic Surgery?","excerpt":"<p>I have created a free PDF on how I avoid plastic surgery!  I promise it works and it only takes</p>\n","slug":"do-you-want-your-face-to-look-younger-without-plastic-surgery","date":"August 07, 2015","tags":[{"name":"avoid plastic surgery"},{"name":"brown spots"},{"name":"sagging skin"},{"name":"wrinkles"},{"name":"younger skin"}],"categories":[{"name":"Uncategorized"}],"featured_media":{"localFile":{"childImageSharp":{"resolutions":{"src":"/static/b0721a3f1aa301f25a3699b1273c2559/1ed7a/15496173_s-400x280.jpg","width":222,"height":222}}}}}},{"node":{"title":"What we think is truly who we are..","excerpt":"<p>For the last several months, I&#8217;ve been going through some personal issues.  While I won&#8217;t burden others with what they</p>\n","slug":"what-we-think-is-truly-who-we-are","date":"August 07, 2015","tags":[{"name":"acceptance"},{"name":"being alone"},{"name":"breakup"},{"name":"change your thoughts"},{"name":"depression"},{"name":"depression over 40"},{"name":"depression over 50"},{"name":"divorce"},{"name":"growing older"},{"name":"how to be happy"},{"name":"sadness"},{"name":"trouble times"}],"categories":[{"name":"Uncategorized"}],"featured_media":{"localFile":{"childImageSharp":{"resolutions":{"src":"/static/2f9a819096b212a286f8a6697f2dafef/1ed7a/mepicture-278x280.jpg","width":222,"height":222}}}}}},{"node":{"title":"Nothing like a good road trip to get you thinking about life&#8230;","excerpt":"<p>Nothing like a good road trip to get you thinking about life&#8230; This past weekend me and the girls took</p>\n","slug":"nothing-like-a-good-road-trip-to-get-you-thinking-about-life","date":"August 18, 2015","tags":[{"name":"be happy"},{"name":"feeling good"},{"name":"girls road trip"},{"name":"happiness"},{"name":"happy"},{"name":"happy thoughts"},{"name":"how to be happy"},{"name":"life"},{"name":"life after 50"},{"name":"road trip"},{"name":"time to think"},{"name":"turning 50"},{"name":"you can't make others happy"}],"categories":[{"name":"Uncategorized"}],"featured_media":{"localFile":{"childImageSharp":{"resolutions":{"src":"/static/71c42ace73f30bd7881f766b36fa2ec1/1ed7a/roadtrip.jpg","width":222,"height":222}}}}}},{"node":{"title":"Is it worth it to take medication?","excerpt":"<p>Is it worth it to take medication? About two years ago, my doctor put me on thyroid medication. Let me</p>\n","slug":"is-it-worth-it-to-take-medication","date":"August 19, 2015","tags":[{"name":"bio-identical"},{"name":"gluten"},{"name":"hashimoto disease"},{"name":"heart problems"},{"name":"Is it worth it to take medication?"},{"name":"low thyroid"},{"name":"pvc's"},{"name":"quality of life"},{"name":"should I take medication"},{"name":"thyroid"},{"name":"thyroid disease"}],"categories":[{"name":"Uncategorized"}],"featured_media":{"localFile":{"childImageSharp":{"resolutions":{"src":"/static/f32e3cfae597792deccf7b46e5af15a2/1ed7a/21783809_l1-400x280-1.jpg","width":222,"height":222}}}}}},{"node":{"title":"The fear of aging","excerpt":"<p>The fear of aging How will I handle being old? All of my life, I felt good about myself and</p>\n","slug":"the-fear-of-aging","date":"August 19, 2015","tags":[{"name":"aging"},{"name":"getting old"},{"name":"happiness"},{"name":"health"},{"name":"how to make peace with aging"},{"name":"life"},{"name":"older"},{"name":"over 40"},{"name":"over 50"},{"name":"over 60"},{"name":"peace"},{"name":"sickness"},{"name":"wrinkles"}],"categories":[{"name":"Aging"}],"featured_media":{"localFile":{"childImageSharp":{"resolutions":{"src":"/static/534aa6aa4a40ccffe01ced8cc2c081af/1ed7a/invisible-400x280.jpg","width":222,"height":222}}}}}},{"node":{"title":"Do you change the way you look as you age?","excerpt":"<p>Do you change the way you look as you age? Older women are the most dangerous on the planet. We</p>\n","slug":"do-you-change-the-way-you-look-as-you-age","date":"August 19, 2015","tags":[{"name":"aging"},{"name":"aging gracefully"},{"name":"anti-aging"},{"name":"changing your look"},{"name":"how to look as good as you feel"},{"name":"how to look good for your age"},{"name":"look great"},{"name":"over 40"},{"name":"over 50"},{"name":"wrinkles"}],"categories":[{"name":"Uncategorized"}],"featured_media":{"localFile":{"childImageSharp":{"resolutions":{"src":"/static/1880b45f2636df56bb26c717b2d535ca/1ed7a/30576356_s-400x280.jpg","width":222,"height":222}}}}}},{"node":{"title":"Breast implant disease","excerpt":"<p>Breast implant disease.  Have you ever heard of it?  I just read an interesting article in an alternative health book.</p>\n","slug":"breast-implant-disease","date":"August 20, 2015","tags":[{"name":"autoimmune disorder"},{"name":"before you get implants"},{"name":"breast implant disease"},{"name":"breast implants"},{"name":"breast surgery"},{"name":"chronic fatigue syndrome"},{"name":"lupus"},{"name":"memory loss"},{"name":"MS"},{"name":"saline implants"},{"name":"should you remove your implants"},{"name":"silicone implants"}],"categories":[{"name":"Uncategorized"}],"featured_media":{"localFile":{"childImageSharp":{"resolutions":{"src":"/static/8eef5ffbbc93c2e0984f131a61b97ee5/1ed7a/33635881_s-400x280.jpg","width":222,"height":222}}}}}},{"node":{"title":"How to change your look as you age","excerpt":"<p>How to change your look as you age &nbsp; I love to change my makeup, but I am guilty of</p>\n","slug":"how-to-change-your-look-as-you-age","date":"August 20, 2015","tags":[{"name":"aging"},{"name":"anti-aging"},{"name":"change your look"},{"name":"how to change your look"},{"name":"how to look good for your age"},{"name":"look younger"},{"name":"makeup"},{"name":"over 40"},{"name":"over 50"},{"name":"over 60"},{"name":"over 70"}],"categories":[{"name":"Uncategorized"}],"featured_media":{"localFile":{"childImageSharp":{"resolutions":{"src":"/static/c7c442646e02d3ba5db713add72ac0ec/1ed7a/32444263_s-400x280.jpg","width":222,"height":222}}}}}},{"node":{"title":"MEN DON’T UNDERSTAND US, BUT CARBS DO!","excerpt":"<p>MEN DON’T UNDERSTAND US, BUT CARBS DO! I walked into my anti-aging OBGYN’s office and there on the wall was</p>\n","slug":"men-dont-understand-us-but-carbs-do","date":"August 21, 2015","tags":[{"name":"bread"},{"name":"carbohydrates"},{"name":"carbs"},{"name":"happiness"},{"name":"how to eat what you want and not gain weight"},{"name":"middle age"},{"name":"over 40"},{"name":"over 50"},{"name":"pasta"},{"name":"weight gain"},{"name":"wine"},{"name":"women"}],"categories":[{"name":"Happiness"}],"featured_media":{"localFile":{"childImageSharp":{"resolutions":{"src":"/static/1a55b393f7eea528a320b8e3add90816/1ed7a/2766763_s-400x280.jpg","width":222,"height":222}}}}}},{"node":{"title":"Don&#8217;t worry.  Be happy!","excerpt":"<p>&nbsp; There’s no cure for growing old, but it’s our attitude that changes everything. ~Huffington Post      I wasn’t</p>\n","slug":"dont-worry-be-happy","date":"August 22, 2015","tags":[{"name":"death"},{"name":"depression"},{"name":"disease"},{"name":"divorce"},{"name":"getting older"},{"name":"grief"},{"name":"how to stop anxiety"},{"name":"how to stop worrying"},{"name":"middle age"},{"name":"over 40"},{"name":"over 50"},{"name":"over 60"},{"name":"over 70"},{"name":"social anxiety"},{"name":"women and worry"},{"name":"worry"}],"categories":[{"name":"Happiness"}],"featured_media":{"localFile":{"childImageSharp":{"resolutions":{"src":"/static/9f63568f0debbab9fdd2aa709e2c043e/1ed7a/35345422_s-400x280.jpg","width":222,"height":222}}}}}},{"node":{"title":"How to use Aromatherapy","excerpt":"<p>How to use Aromatherapy Aromatherapy means using essential oils to affect the body.  We can receive the benefits by inhaling,</p>\n","slug":"how-to-use-aromatherapy","date":"August 22, 2015","tags":[{"name":"anxiety"},{"name":"aromatherapy"},{"name":"diffusers"},{"name":"floral waters"},{"name":"how to remain calm"},{"name":"how to use aromatherapy oils"},{"name":"lavender oil"},{"name":"massage therapy oils"},{"name":"relaxation"},{"name":"relaxation techniques"}],"categories":[{"name":"Happiness"}],"featured_media":{"localFile":{"childImageSharp":{"resolutions":{"src":"/static/0ef4f2d4eb43d42225a93af206314226/1ed7a/26965004_s-400x280.jpg","width":222,"height":222}}}}}},{"node":{"title":"2 Different and Specific Cheat Sheets to Lose 5 to 15 Pounds Fast!","excerpt":"<p>&nbsp; &#8220;2 Different and Specific Cheat Sheets to Lose 5 to 15 Pounds Fast!  Bonus:  No starving or exhausting yourself at</p>\n","slug":"2-different-and-specific-cheat-sheets-to-lose-5-to-15-pounds-fast","date":"August 22, 2015","tags":[{"name":"how to lose 15 pounds"},{"name":"how to lose weight"},{"name":"how to lose weight fast"},{"name":"lose 5 pounds"},{"name":"lose ten pounds"},{"name":"lose weight fast"}],"categories":[{"name":"Weight Loss"}],"featured_media":{"localFile":{"childImageSharp":{"resolutions":{"src":"/static/f012226b2ee625a034a58547f715e471/1ed7a/1-400x280.jpg","width":222,"height":222}}}}}},{"node":{"title":"Coping with Social Anxiety","excerpt":"<p>Coping with Social Anxiety “About 3.7% of the U.S. population &#8212; approximately 5.3 million Americans &#8212; is affected by social</p>\n","slug":"coping-with-social-anxiety","date":"August 23, 2015","tags":[{"name":"dealing with people"},{"name":"depression"},{"name":"how to cope with anxiety"},{"name":"how to cope with social anxiety"},{"name":"how to love yourself"},{"name":"phobias"},{"name":"self esteem"},{"name":"social anxiety"}],"categories":[{"name":"Happiness"}],"featured_media":{"localFile":{"childImageSharp":{"resolutions":{"src":"/static/4a464fa489f68dd33e34db66fcae2b3f/1ed7a/13677946_s-400x280.jpg","width":222,"height":222}}}}}},{"node":{"title":"The fantasy of the perfect partner","excerpt":"<p>The fantasy of the perfect partner Many of us are brought up believing that our main goal in life is</p>\n","slug":"the-fantasy-of-the-perfect-partner","date":"August 24, 2015","tags":[{"name":"breakups"},{"name":"divorce"},{"name":"high standards"},{"name":"how to be happy"},{"name":"how to find the perfect boyfriend"},{"name":"love"},{"name":"marriage"},{"name":"perfection"},{"name":"reality"},{"name":"relationships"},{"name":"the perfect partner"}],"categories":[{"name":"Happiness"}],"featured_media":{"localFile":{"childImageSharp":{"resolutions":{"src":"/static/2ebbfa34e4cb8b883f175b53df251b00/1ed7a/relationship.jpg","width":222,"height":222}}}}}},{"node":{"title":"RENEWAL AND THE AGING PROCESS","excerpt":"<p>RENEWAL AND THE AGING PROCESS Let’s face it; we live in an incredible time.  With advances in longevity research and,</p>\n","slug":"renewal-and-the-aging-process","date":"August 24, 2015","tags":[{"name":"aging"},{"name":"anti-aging"},{"name":"antioxidants"},{"name":"disease"},{"name":"free radical damage"},{"name":"healthy eating"},{"name":"healthy living"},{"name":"how to be healthier"},{"name":"living past 100"},{"name":"living to be 100"},{"name":"over 50"},{"name":"over 60"},{"name":"over 70"},{"name":"renewal process"},{"name":"wrinkles"}],"categories":[{"name":"Aging"}],"featured_media":{"localFile":{"childImageSharp":{"resolutions":{"src":"/static/1b4128ecabd3431eb85f296a64883aab/1ed7a/18153601_s-400x280.jpg","width":222,"height":222}}}}}},{"node":{"title":"The antidote to aging is renewal","excerpt":"<p>The antidote to aging is renewal. We are to minimize cell damage created by free radicals and supply our bodies</p>\n","slug":"the-antidote-to-aging-is-renewal","date":"August 25, 2015","tags":[{"name":"aging"},{"name":"anti-aging"},{"name":"antioxidants"},{"name":"cancer"},{"name":"disease"},{"name":"free radical damage"},{"name":"free radicals"},{"name":"healthy living"},{"name":"how to live disease free"},{"name":"how to live longer"},{"name":"the bodies renewal process"}],"categories":[{"name":"Uncategorized"}],"featured_media":{"localFile":{"childImageSharp":{"resolutions":{"src":"/static/d95e82b2cc210e0f04699408a4acd8ce/1ed7a/13071119_s-400x280.jpg","width":222,"height":222}}}}}},{"node":{"title":"A new way to age","excerpt":"<p>A NEW WAY TO AGE Renewing yourself is your body’s master plan for rejuvenation.  This consists of three important steps;</p>\n","slug":"a-new-way-to-age","date":"August 25, 2015","tags":[{"name":"age well"},{"name":"anti-aging"},{"name":"antioxidants"},{"name":"cellular damage"},{"name":"diabetes"},{"name":"free radicals"},{"name":"getting older"},{"name":"healing"},{"name":"how to avoid cancer"},{"name":"how to fight disease"},{"name":"renewal"},{"name":"the new way to age"},{"name":"wrinkles"}],"categories":[{"name":"Aging"}],"featured_media":{"localFile":{"childImageSharp":{"resolutions":{"src":"/static/6e9642792ba6915d00c351a9afc2dd5d/1ed7a/11972981_s-400x280.jpg","width":222,"height":222}}}}}},{"node":{"title":"ANTI-AGING WAY TO EAT","excerpt":"<p>THE ANTI-AGING WAY TO EAT &nbsp; This is not a diet blog or a blog that will give you specific</p>\n","slug":"117","date":"August 25, 2015","tags":[{"name":"diet"},{"name":"free radical damage"},{"name":"how to anti age"},{"name":"how to eat better"},{"name":"supplements"},{"name":"the anti aging way to eat"}],"categories":[{"name":"Aging"}],"featured_media":{"localFile":{"childImageSharp":{"resolutions":{"src":"/static/0e58a2eebbd0e7dacf0a885fa7df3b92/1ed7a/33766058_s-400x280.jpg","width":222,"height":222}}}}}},{"node":{"title":"Supplementing","excerpt":"<p>SUPPLEMENTING Our bodies renew themselves 24/7.  Just trying to keep up with our bodies every day wear and tear is</p>\n","slug":"supplementing","date":"August 26, 2015","tags":[{"name":"aging"},{"name":"antioxidants"},{"name":"cancer"},{"name":"DNA damage"},{"name":"dying"},{"name":"free radical damage"},{"name":"how to live longer"},{"name":"living longer"},{"name":"over 50"},{"name":"over 60"},{"name":"supplementing your diet"},{"name":"supplements"},{"name":"the bodies renewal process"}],"categories":[{"name":"Aging and Health"}],"featured_media":{"localFile":{"childImageSharp":{"resolutions":{"src":"/static/79498275c5ebd313ba3a3a9db2a56a57/1ed7a/20959515_s-400x280.jpg","width":222,"height":222}}}}}},{"node":{"title":"Reduce free radical exposure","excerpt":"<p>&nbsp; If you read this blog then you know that I have been writing a lot lately about free radicals</p>\n","slug":"reduce-free-radical-exposure","date":"August 26, 2015","tags":[{"name":"aging and health"},{"name":"cancer"},{"name":"disease"},{"name":"free radical damage"},{"name":"how to live longer"},{"name":"how to look younger"},{"name":"over 50"},{"name":"over 60"}],"categories":[{"name":"Aging and Health"}],"featured_media":{"localFile":{"childImageSharp":{"resolutions":{"src":"/static/dce68d8242264fa6899d39f7b5caec80/1ed7a/42054016_s-400x280.jpg","width":222,"height":222}}}}}},{"node":{"title":"PHYSICAL ACTIVITY AND AGING","excerpt":"<p>PHYSICAL ACTIVITY AND AGING Engaging in physical activity does the body wonders.  In fact when we exercise, every cell in</p>\n","slug":"physical-activity-and-aging","date":"August 26, 2015","tags":[{"name":"anti-aging"},{"name":"cancer"},{"name":"disease"},{"name":"exercise"},{"name":"exercise over 50"},{"name":"exercise over 60"},{"name":"how to live to 100"},{"name":"how to look younger"},{"name":"living longer"},{"name":"work out"},{"name":"working out as you age"}],"categories":[{"name":"Aging and Health"}],"featured_media":{"localFile":{"childImageSharp":{"resolutions":{"src":"/static/08b3b023b5268de8b0610a9d01e192ac/1ed7a/36413383_s-400x280-1.jpg","width":222,"height":222}}}}}},{"node":{"title":"CHEMICALS AND HORMONE DISRUPTION","excerpt":"<p>CHEMICALS AND HORMONE DISRUPTION I will start with pesticides and how they affect our hormones. Many of the most widely</p>\n","slug":"chemicals-and-hormone-disruption","date":"August 27, 2015","tags":[{"name":"bcps"},{"name":"chemicals and hormone disruption"},{"name":"dioxin"},{"name":"estrogen"},{"name":"nonylphenols"},{"name":"pesticides"},{"name":"plastic"},{"name":"poison"},{"name":"sperm production"},{"name":"thyroid"},{"name":"thyroid disease"},{"name":"toxic environment"},{"name":"water bottles"}],"categories":[{"name":"Uncategorized"}],"featured_media":{"localFile":{"childImageSharp":{"resolutions":{"src":"/static/3088648e5b6d95ac104b325b02e61566/1ed7a/25010665_s-379x280.jpg","width":222,"height":222}}}}}},{"node":{"title":"His Menopause is not your fault","excerpt":"<p>His Menopause is not your fault I&#8217;m about to turn 50 in a few months and although it&#8217;s kind of</p>\n","slug":"his-menopause-is-not-your-fault","date":"August 27, 2015","tags":[{"name":"andropause"},{"name":"angry men"},{"name":"be happy"},{"name":"divorce"},{"name":"his menopause is not your fault"},{"name":"hormones"},{"name":"male menopause"},{"name":"men who are not happy"},{"name":"middle age"},{"name":"women"}],"categories":[{"name":"Uncategorized"}],"featured_media":{"localFile":{"childImageSharp":{"resolutions":{"src":"/static/0b436be8602fb968c13272578e344cb8/1ed7a/35570495_s-400x280.jpg","width":222,"height":222}}}}}},{"node":{"title":"&#8220;Do These Five Things Daily And You’ll Slow Down Aging By At Least 10 Years!&#8221;","excerpt":"<p>&#8220;Do These Five Things Daily And You’ll Slow Down Aging By At Least 10 Years!&#8221; Get my Free PDF on</p>\n","slug":"do-these-five-things-daily-and-youll-slow-down-aging-by-at-least-10-years","date":"August 27, 2015","tags":[{"name":"aging"},{"name":"anti-aging"},{"name":"brown spots"},{"name":"Do These Five Things Daily And You’ll Slow Down Aging By At Least 10 Years"},{"name":"growing older"},{"name":"how to feel better"},{"name":"how to get rid of wrinkles"},{"name":"how to live longer"},{"name":"how to look younger"},{"name":"how to supplement"},{"name":"over 40"},{"name":"over 50"},{"name":"over 60"},{"name":"younger skin"}],"categories":[{"name":"Aging"},{"name":"Aging and Health"},{"name":"Weight Loss"}],"featured_media":{"localFile":{"childImageSharp":{"resolutions":{"src":"/static/dc2b41e7f4e9c22e9713ff0140a49ecb/1ed7a/12073678_s-400x280.jpg","width":222,"height":222}}}}}},{"node":{"title":"The more old you are the faster you get older","excerpt":"<p>The more old you are the faster you get older Scary isn&#8217;t it?  I hate to write about this topic</p>\n","slug":"the-more-old-you-are-the-faster-you-get-older","date":"August 27, 2015","tags":[{"name":"aging gracefully"},{"name":"aging hands"},{"name":"getting old"},{"name":"the older you are the faster you get old"},{"name":"wrinkles"}],"categories":[{"name":"Aging"},{"name":"Happiness"}],"featured_media":{"localFile":{"childImageSharp":{"resolutions":{"src":"/static/589d1722e03a1cb3c402f2b8d0e0dacc/1ed7a/36953033_s-400x280.jpg","width":222,"height":222}}}}}},{"node":{"title":"The Importance of Probiotics","excerpt":"<p>The Importance of Probiotics Inside of us live a vast amount of bacteria.  Without that bacteria we could not remain</p>\n","slug":"the-importance-of-probiotics","date":"August 28, 2015","tags":[{"name":"acne"},{"name":"bladder infection"},{"name":"bowel problems"},{"name":"cancer"},{"name":"candidiasis"},{"name":"cystitis"},{"name":"food poisoning"},{"name":"good bacteria"},{"name":"how to live longer"},{"name":"how to take a probiotic"},{"name":"natural remedies"},{"name":"probiotics"},{"name":"radiation damage"},{"name":"should I take a probiotic"},{"name":"skin disorder"},{"name":"supplements"},{"name":"thrush"}],"categories":[{"name":"Uncategorized"}],"featured_media":{"localFile":{"childImageSharp":{"resolutions":{"src":"/static/9af640a983dadbcdaa3801e1d08fe87a/1ed7a/30349494_s-400x280.jpg","width":222,"height":222}}}}}},{"node":{"title":"Don&#8217;t be afraid of aging","excerpt":"<p>Don&#8217;t be afraid of aging Being old was something I was terrified of. Let’s admit it, doors open up for</p>\n","slug":"dont-be-afraid-of-aging","date":"August 28, 2015","tags":[{"name":"afraid of aging"},{"name":"aging"},{"name":"disease free"},{"name":"don't be afraid of aging"},{"name":"how to age better"},{"name":"how to be happy"},{"name":"living in the moment"},{"name":"nursing homes"},{"name":"stroke"}],"categories":[{"name":"Aging"},{"name":"Aging and Health"},{"name":"Happiness"}],"featured_media":{"localFile":{"childImageSharp":{"resolutions":{"src":"/static/f32e3cfae597792deccf7b46e5af15a2/1ed7a/21783809_l1-400x280.jpg","width":222,"height":222}}}}}},{"node":{"title":"ARE WE HAPPY AT MIDDLE AGE?","excerpt":"<p>&nbsp; ARE WE HAPPY AT MIDDLE AGE? Older women are the most dangerous on the planet. We have nothing to</p>\n","slug":"are-we-happy-at-middle-age","date":"August 29, 2015","tags":[{"name":"aging"},{"name":"growing old"},{"name":"how to age gracefully"},{"name":"middle age"},{"name":"ove 50"},{"name":"over 40"},{"name":"over 60"},{"name":"wrinkles"}],"categories":[{"name":"Aging"},{"name":"Happiness"}],"featured_media":{"localFile":{"childImageSharp":{"resolutions":{"src":"/static/050984ee6825656843146bc0f8b31a23/1ed7a/30024581_s1-397x280.jpg","width":222,"height":222}}}}}},{"node":{"title":"Women and Middle-Age","excerpt":"<p>Women and Middle-Age From a social perspective, women tend to disengage as they get older. We are told or think</p>\n","slug":"women-and-middle-age","date":"August 31, 2015","tags":[{"name":"aging"},{"name":"fun"},{"name":"happiness"},{"name":"how to be happy at middle-age"},{"name":"life"},{"name":"meet up"},{"name":"middle age"},{"name":"over 40"},{"name":"over 50"},{"name":"over 60"},{"name":"things to do at middle-age"},{"name":"travel"},{"name":"women"}],"categories":[{"name":"Aging"},{"name":"Happiness"}],"featured_media":{"localFile":{"childImageSharp":{"resolutions":{"src":"/static/57cc6b66143082b25aefaed063e94c92/1ed7a/1013183_10151839239254073_2118116681_n11-400x280.jpg","width":222,"height":222}}}}}},{"node":{"title":"The Love Lives of Women","excerpt":"<p>THE LOVE LIVES OF WOMEN She lies and says she&#8217;s in love with him, can&#8217;t find a better man. ~Pearl</p>\n","slug":"the-love-lives-of-women","date":"August 31, 2015","tags":[{"name":"aging gracefully"},{"name":"dating at middle-age"},{"name":"find a boyfriend"},{"name":"find a husband"},{"name":"finding love"},{"name":"gratitude"},{"name":"how to love again"},{"name":"loving yourself"},{"name":"middle age. the love lives of wome"},{"name":"women"}],"categories":[{"name":"Uncategorized"}],"featured_media":{"localFile":{"childImageSharp":{"resolutions":{"src":"/static/6ad072336228495262afbece32919cf9/1ed7a/35736064_m-400x280.jpg","width":222,"height":222}}}}}},{"node":{"title":"MIDLIFE AWAKENING","excerpt":"<p>MIDLIFE AWAKENING Just when I get my mind right, my body falls apart. &#8211;Anonymous Whenever I heard the term midlife</p>\n","slug":"195","date":"September 01, 2015","tags":[{"name":"aging"},{"name":"aging and health"},{"name":"getting old"},{"name":"how to be happy when you're old"},{"name":"menopause"},{"name":"middle age"},{"name":"midlife crisis"},{"name":"over 40"},{"name":"over 50"},{"name":"over 60"},{"name":"over 70"},{"name":"the change of life"}],"categories":[{"name":"Aging"},{"name":"Aging and Health"},{"name":"Happiness"}],"featured_media":{"localFile":{"childImageSharp":{"resolutions":{"src":"/static/376e7e875bae868f59f53f79ec942284/1ed7a/6564010_s-400x257.jpg","width":222,"height":222}}}}}},{"node":{"title":"Are you losing your hair at middle-age?","excerpt":"<p>Are you losing your hair at middle-age?  If so, you should get your hormones and nutrient levels checked. Low thyroid,</p>\n","slug":"are-you-losing-your-hair-at-middle-age","date":"September 02, 2015","tags":[{"name":"fuller hair"},{"name":"hair loss"},{"name":"how to have fuller hair"},{"name":"how to have more hair"},{"name":"longer hair"},{"name":"losing hair at middle-age"},{"name":"thinning hair"}],"categories":[{"name":"Aging"},{"name":"Aging and Health"},{"name":"Diet and Health"}],"featured_media":{"localFile":{"childImageSharp":{"resolutions":{"src":"/static/a6b2c1ee9bd18081b32ae613a503da58/1ed7a/39207639_s-400x280.jpg","width":222,"height":222}}}}}},{"node":{"title":"Sugar ages us","excerpt":"<p>Sugar Ages Us Sugar ages us by accelerating glucose molecules which attach themselves to proteins in the blood. This is</p>\n","slug":"sugar-ages-us","date":"September 02, 2015","tags":[{"name":"accelerated aging"},{"name":"aging"},{"name":"disease"},{"name":"free radicals"},{"name":"heart disease"},{"name":"sugar and aging"},{"name":"wrinkles"}],"categories":[{"name":"Aging"},{"name":"Aging and Health"},{"name":"Diet and Health"}],"featured_media":{"localFile":{"childImageSharp":{"resolutions":{"src":"/static/64cc15583b6d1221324b53305000abc1/1ed7a/30902248_s-400x280.jpg","width":222,"height":222}}}}}},{"node":{"title":"Making peace with aging","excerpt":"<p>MAKING PEACE WITH AGING   Making peace with aging, Hmmm? How does a woman make peace with aging in a</p>\n","slug":"making-peace-with-aging","date":"September 02, 2015","tags":[{"name":"aging gracefully"},{"name":"getting old"},{"name":"losing your looks"},{"name":"making peace with aging"},{"name":"middle age"},{"name":"middle-age woman"},{"name":"older woman"},{"name":"over 50"},{"name":"over 60"},{"name":"over 70"},{"name":"wrinkles"}],"categories":[{"name":"Aging"},{"name":"Aging and Health"},{"name":"Happiness"}],"featured_media":{"localFile":{"childImageSharp":{"resolutions":{"src":"/static/343c5103459020ac49c5708a1ad27972/1ed7a/39808977_s-400x280.jpg","width":222,"height":222}}}}}},{"node":{"title":"What is a Compounding Pharmacist?","excerpt":"<p>What is a Compounding Pharmacist? Recently, my doctor prescribed progesterone, estrogen and testosterone.  She called it into a compounding pharmacy.</p>\n","slug":"what-is-a-compounding-pharmacist","date":"September 03, 2015","tags":[{"name":"chemicals and hormone disruption"},{"name":"hormones"},{"name":"what is a compounding pharmacist"}],"categories":[{"name":"Aging"},{"name":"Aging and Health"},{"name":"Hormones"}],"featured_media":{"localFile":{"childImageSharp":{"resolutions":{"src":"/static/86ace98407c47df7420011e5bf8370ab/1ed7a/39019585_s-400x280.jpg","width":222,"height":222}}}}}},{"node":{"title":"Are married couples really happy?","excerpt":"<p>Are married couples really happy? After a deep and dreaded argument with my husband, a fight that seemed to cut</p>\n","slug":"are-married-couples-really-happy","date":"September 03, 2015","tags":[{"name":"are married couples happy"},{"name":"are married couples happy longterm"},{"name":"how to be a better partner"},{"name":"how to be a better wife"},{"name":"marriage"}],"categories":[{"name":"Aging"},{"name":"Happiness"},{"name":"Marriage"}],"featured_media":{"localFile":{"childImageSharp":{"resolutions":{"src":"/static/5af8bb0b9a06dd900e374b9827ecad20/1ed7a/25625051_s-400x280.jpg","width":222,"height":222}}}}}},{"node":{"title":"How to handle fading beauty","excerpt":"<p>How to handle fading beauty. The truth is, in middle age, if we don’t begin to find peace while aging, we</p>\n","slug":"how-to-handle-fading-beauty","date":"September 04, 2015","tags":[{"name":"getting old"},{"name":"how to accept fading beauty"},{"name":"how to age gracefully"},{"name":"how to look younger"},{"name":"losing your looks"},{"name":"middle-age woman"},{"name":"over 40"},{"name":"over 50"},{"name":"over 60"},{"name":"over 70"},{"name":"the fear of aging"},{"name":"wrinkles"}],"categories":[{"name":"Aging"},{"name":"Aging and Health"},{"name":"Happiness"}],"featured_media":{"localFile":{"childImageSharp":{"resolutions":{"src":"/static/fc170977a2bb130219732732bb4cf23d/1ed7a/19387053_s-400x280.jpg","width":222,"height":222}}}}}},{"node":{"title":"Finding our purpose at middle-age","excerpt":"<p>Finding our purpose at middle-age Middle age is when we may begin to (should I dare say it?) feel old.</p>\n","slug":"finding-our-purpose-at-middle-age","date":"September 05, 2015","tags":[{"name":"aging"},{"name":"finding happiness"},{"name":"get old"},{"name":"getting older"},{"name":"how to be happy as you age"},{"name":"middle age"},{"name":"over 40"},{"name":"over 50"},{"name":"over 60"}],"categories":[{"name":"Aging"},{"name":"Aging and Health"},{"name":"Happiness"},{"name":"Marriage"}],"featured_media":{"localFile":{"childImageSharp":{"resolutions":{"src":"/static/85caf055ed2c51f5924234c8b2ccd610/1ed7a/18735993_s1-300x280.jpg","width":222,"height":222}}}}}},{"node":{"title":"Where Women Go As We Age","excerpt":"<p>Where Women Go As We Age What are we waiting for? We can’t wait for the future to happen and</p>\n","slug":"where-women-go","date":"September 06, 2015","tags":[{"name":"aging"},{"name":"how to be happy"},{"name":"how to live in the moment"},{"name":"living your full life"},{"name":"middle age"},{"name":"over 40"},{"name":"over 50"},{"name":"over 60"},{"name":"over 70"},{"name":"time"},{"name":"where women go"}],"categories":[{"name":"Uncategorized"}],"featured_media":{"localFile":{"childImageSharp":{"resolutions":{"src":"/static/0d1263856e56d138f4bbda35954e8bc3/1ed7a/14786922_m-400x280.jpg","width":222,"height":222}}}}}},{"node":{"title":"Born for what? Part #1","excerpt":"<p>BORN FOR WHAT Too many times I see people needlessly suffer and I ask myself if their suffering is really</p>\n","slug":"born-for-what-part-1","date":"September 07, 2015","tags":[{"name":"anxiety"},{"name":"cancer"},{"name":"depression"},{"name":"how to be happy"},{"name":"learning to be happy"},{"name":"life"},{"name":"living with depression"},{"name":"lost souls"},{"name":"mental illness"},{"name":"sadness"},{"name":"struggle"}],"categories":[{"name":"Aging"},{"name":"Happiness"},{"name":"Uncategorized"}],"featured_media":{"localFile":{"childImageSharp":{"resolutions":{"src":"/static/e9d531f46f562a76daa0fd2de2d20fb6/a820e/mentalillness.jpg","width":200,"height":200}}}}}},{"node":{"title":"Born for what? Part #2","excerpt":"<p>There are those who walk among us who have never been in the right place at the right time. In</p>\n","slug":"born-for-what-part-2-2","date":"September 07, 2015","tags":[{"name":"depression"},{"name":"happiness"},{"name":"how to be happy"},{"name":"lost souls"},{"name":"mental illness"},{"name":"unhappiness"}],"categories":[{"name":"Uncategorized"}],"featured_media":{"localFile":{"childImageSharp":{"resolutions":{"src":"/static/c8ee37105dc436c3769f6b90b78aaa37/1ed7a/resistancecover-400x280.jpg","width":222,"height":222}}}}}},{"node":{"title":"Born for What? Part #3 My final","excerpt":"<p>Born for What? Part #3 My final We are humans with brains, and if one person can create a distinct­</p>\n","slug":"born-for-what-part-3-my-final","date":"September 08, 2015","tags":[{"name":"born for what"},{"name":"depression"},{"name":"destiny"},{"name":"fear"},{"name":"finding your path"},{"name":"god"},{"name":"happiness"},{"name":"higher power"},{"name":"living in fear of life"},{"name":"lost souls"},{"name":"purpose"},{"name":"stephen hawking"},{"name":"what am I here for"}],"categories":[{"name":"Uncategorized"}],"featured_media":{"localFile":{"childImageSharp":{"resolutions":{"src":"/static/67e64ca8f4aca66be1acb0e47ec016f8/1ed7a/Chris_Brandi2-400x280.jpg","width":222,"height":222}}}}}},{"node":{"title":"Free yourself to let go and grow old compassionately","excerpt":"<p>Free yourself to let go and grow old compassionately. Call it growing old, getting old, aging, or whatever you want</p>\n","slug":"free-yourself-to-let-go-and-grow-old-compassionately","date":"September 08, 2015","tags":[{"name":"aging"},{"name":"compassionate"},{"name":"coping"},{"name":"disease"},{"name":"forgiveness"},{"name":"free yourself"},{"name":"Free yourself to let go and grow old compassionately."},{"name":"getting old"},{"name":"how to forgive"},{"name":"how to get old"},{"name":"middle age"},{"name":"over 40"},{"name":"over 50"},{"name":"over60"},{"name":"passionate"},{"name":"wrinkles"}],"categories":[{"name":"Aging"},{"name":"Aging and Health"},{"name":"Happiness"},{"name":"Hormones"}],"featured_media":{"localFile":{"childImageSharp":{"resolutions":{"src":"/static/a4fee6184b6eea8888d173ed0c2be66f/1ed7a/40438945_s-400x280.jpg","width":222,"height":222}}}}}},{"node":{"title":"Should you age naturally or get procedures done?","excerpt":"<p>Should you age naturally or get procedures done? Yesterday I got Fraxel Laser on my face.  I was excited to</p>\n","slug":"should-you-age-naturally-or-get-procedures-done","date":"September 09, 2015","tags":[{"name":"cosmetic procedures"},{"name":"face laser"},{"name":"fraxel laser"},{"name":"how to age well"},{"name":"julia roberts"},{"name":"over 40"},{"name":"over 50"},{"name":"over 60"},{"name":"Should you age naturally or get procedures done?"},{"name":"skin peels"},{"name":"wrinkles"},{"name":"younger skin"}],"categories":[{"name":"Aging"},{"name":"Aging and Health"},{"name":"Happiness"}],"featured_media":{"localFile":{"childImageSharp":{"resolutions":{"src":"/static/f78bad5a0c7d43fc6e9728da586f489b/1ed7a/photo-2-400x280.jpg","width":222,"height":222}}}}}},{"node":{"title":"BE YOUR BEST AT ANY AGE","excerpt":"<p>BE YOUR BEST AT ANY AGE   Who knows what the fountain of youth is. We all know aging catches</p>\n","slug":"be-your-best-at-any-age","date":"September 11, 2015","tags":[{"name":"age well"},{"name":"be happy"},{"name":"disease"},{"name":"how to age well and look good"},{"name":"look good at any age"},{"name":"look good for your age"},{"name":"over 40"},{"name":"over50"},{"name":"over60"},{"name":"over70"}],"categories":[{"name":"Uncategorized"}],"featured_media":{"localFile":{"childImageSharp":{"resolutions":{"src":"/static/ab67cc29c93b557ccb57b2c8bf11ad0f/1ed7a/43933577_s-400x280.jpg","width":222,"height":222}}}}}},{"node":{"title":"","excerpt":"<p>LONGEVITY AND HAPPINESS #1   We are all on one heck of a journey in life, and to make it</p>\n","slug":"320","date":"September 11, 2015","tags":null,"categories":[{"name":"Uncategorized"}],"featured_media":null}},{"node":{"title":"What If You Won The Lottery!","excerpt":"<p>What if You Won The Lottery! I have this little analogy that I tell others when I hear them whine</p>\n","slug":"you-won-the-lottery","date":"September 11, 2015","tags":[{"name":"0ver 50"},{"name":"aging"},{"name":"death"},{"name":"how to be happy at middle-age"},{"name":"how to be rich"},{"name":"lottery"},{"name":"over 40"},{"name":"over 60"},{"name":"over 70"},{"name":"over 80"},{"name":"winning the lottery"}],"categories":[{"name":"Aging"},{"name":"Aging and Health"},{"name":"Happiness"}],"featured_media":{"localFile":{"childImageSharp":{"resolutions":{"src":"/static/fec85574b70a0a619cfa2afd0e389aec/1ed7a/lottery.jpg","width":222,"height":222}}}}}},{"node":{"title":"THE ANTI-AGING WAY TO EAT (Part #1)","excerpt":"<p>THE ANTI-AGING WAY TO EAT Once you understand that you must consume antioxidants and adequate supplies of nutrients, you will</p>\n","slug":"the-anti-aging-way-to-eat-part-1","date":"September 12, 2015","tags":[{"name":"aging naturally"},{"name":"anti aging diet"},{"name":"diabetes"},{"name":"disease"},{"name":"eat to look younger"},{"name":"food for medicine"},{"name":"how to age better"},{"name":"how to eat better"}],"categories":[{"name":"Aging"},{"name":"Aging and Health"},{"name":"Diet and Health"},{"name":"Weight Loss"}],"featured_media":{"localFile":{"childImageSharp":{"resolutions":{"src":"/static/9cee7fb59d1816a8b6e290855492c3a9/1ed7a/42354677_s-400x280.jpg","width":222,"height":222}}}}}},{"node":{"title":"THE ANTI-AGING WAY TO EAT (Part #2)","excerpt":"<p>THE ANTI-AGING WAY TO EAT (Part #2) With today’s American diet, we may be losing the battle to create cell</p>\n","slug":"the-anti-aging-way-to-eat-part-2","date":"September 13, 2015","tags":[{"name":"diabetes"},{"name":"how to be healthier"},{"name":"how to eat better"},{"name":"how to eat healthy"},{"name":"how to use food as medicine"},{"name":"the anti aging way to eat"}],"categories":[{"name":"Aging"},{"name":"Diet and Health"},{"name":"Weight Loss"}],"featured_media":{"localFile":{"childImageSharp":{"resolutions":{"src":"/static/ec9e8525bfaab3142f2127583bc99e2a/1ed7a/44130693_s-400x280.jpg","width":222,"height":222}}}}}}]}},"pageContext":{"isCreatedByStatefulCreatePages":true}}