{"data":{"wordpressPost":{"title":"The 5 Steps to Look  As Young As You Feel","content":"<p style=\"text-align: justify;\">What are the 5 Steps to Look As Young As You Feel?  When it comes down to it, we can spend a lot of time, money and energy trying to stay healthy but really, it comes down to these five things!</p>\n<div style=\"text-align: justify;\">At 20 years old I weighed 115 pounds, at 49 years old I weighed 145.  I was well on my way to some serious health problems.  Thankfully, I used this solution (The 5 Steps to look as young as you feel)  and I’m back in the 120’s and turning 50!</div>\n<div style=\"text-align: justify;\"></div>\n<div style=\"text-align: justify;\">My skin has never looked better and, I have so much energy that seriously, I hate to go to bed at night! In fact, my energy has gotten so much better that I go to bed at eleven and pop up at five a.m. and here I am, hoping that the day doesn&#8217;t go by too fast.</div>\n<div style=\"text-align: justify;\"></div>\n<div style=\"text-align: justify;\">When you have an abundance of good healthy energy, you have the energy to do so much and the only bad thing is that, there really isn&#8217;t enough time in the day to do everything that you wan&#8217;t!  I use ever second of my time to do the things I want to and still, I have so many more dreams and aspirations.</div>\n<div style=\"text-align: justify;\"></div>\n<div style=\"text-align: justify;\">When you feel this kind of energy, you&#8217;ll know exactly what I mean.  I want that for you too.</div>\n<div style=\"text-align: justify;\"></div>\n<div style=\"text-align: justify;\">With &#8220;The 5 Steps to Look As Young As You Feel&#8221; it&#8217;s a simple and quick five step plan that doesn&#8217;t take more than an hour or so of your day.  And, for those of you that think you don&#8217;t have an hour for yourself (Hmmm?) then, you can break it up into four, fifteen minutes sessions or any other time combinations.  Just so long as you do the steps.  They&#8217;re super easy, I assure you.</div>\n<div style=\"text-align: justify;\"></div>\n<div style=\"text-align: justify;\">I promise if you do these five steps, you will &#8220;Look and Feel Younger&#8221; in no time. If I were asking you to pay for the plan, I could say something like &#8220;I guarantee it!&#8221; But, <strong>it&#8217;s totally free </strong>because I want to share the easy stuff that makes a difference.</div>\n<div style=\"text-align: justify;\"></div>\n<div style=\"text-align: justify;\">There is no need to feel like you can&#8217;t look and feel young.  Today, we are living into our eighties and nineties and hell, pretty soon it&#8217;s predicted that we will live way past one-hundred.</div>\n<p style=\"text-align: justify;\">The great thing is, with technology, we can still look and feel really great.  But also with technology, keeping us alive longer, it&#8217;s up to us to do the things necessary to stay healthy and young.</p>\n<p style=\"text-align: justify;\">We all know what direction the heath care industry is heading and that&#8217;s down a bad road. Even if you have health insurance, it doesn&#8217;t cover much anymore.  The best way to stay out of the doctors office is to to these five steps.</p>\n<p style=\"text-align: justify;\">The thing is that we have to actively pursue prevention methods.  Prevention of disease, the sun, food that causes disease and, we have move our bodies.</p>\n<p style=\"text-align: justify;\">Do you want to look and feel younger? Do this and have a life that will keep you happy and healthy for a lot longer than the average woman.</p>\n<p style=\"text-align: center;\"><a href=\"https://theresaskrobanek.leadpages.co/5-steps-to-a-younger-you/\">https://theresaskrobanek.leadpages.co/5-steps-to-a-younger-you/</a></p>\n<p><img class=\"alignnone aligncenter\" src=\"https://myagingandwellness.com/wp-admin/admin-ajax.php?action=imgedit-preview&amp;_ajax_nonce=1e8865ceb7&amp;postid=985&amp;rand=66352\" alt=\"The 5 Steps to Look As Young As You Feel\" width=\"150\" height=\"155\" /></p>\n<p style=\"text-align: center; margin: 9.6pt 0in 9.6pt 0in;\" align=\"center\"><em><span style=\"font-size: 10.0pt; font-family: 'Verdana','sans-serif'; color: #111111;\">Before you go, I created “The 7 Steps to Rejuvenate and Renewal.” In just seven</span></em></p>\n<p style=\"text-align: center;\" align=\"center\"><em><span style=\"font-size: 10.0pt; font-family: 'Verdana','sans-serif'; color: #111111;\">steps you can feel amazing without depriving your self!  Click the link below:</span></em></p>\n<p style=\"text-align: center;\" align=\"center\"><em><span style=\"font-size: 10.0pt; font-family: 'Verdana','sans-serif'; color: #111111;\">THE REJUVENATION AND RENEWAL PLAN</span></em></p>\n<p style=\"text-align: center;\" align=\"center\"><strong><i><span style=\"font-size: 10.0pt; font-family: 'Verdana','sans-serif'; color: #111111;\"><a href=\"https://theresaskrobanek.leadpages.co/rejuvenate-renew/\"><span style=\"color: #ba1111; text-decoration: none; text-underline: none;\">https://theresaskrobanek.leadpages.co/rejuvenate-renew/</span></a></span></i></strong></p>\n","featured_media":{"localFile":null}},"site":{"siteMetadata":{"title":"A sample site using gatsby-source-wordpress","subtitle":"Data fetched from a site hosted on wordpress.com"}}},"pageContext":{"isCreatedByStatefulCreatePages":false,"id":"9d61d7a1-c92c-52a5-b8d5-3d844248262a"}}