{"data":{"wordpressPost":{"title":"&#8220;Do These Five Things Daily And You’ll Slow Down Aging By At Least 10 Years!&#8221;","content":"<p style=\"text-align: center;\"><strong><a href=\"https://theresaskrobanek.leadpages.co/the-5-huge-mistakes\">&#8220;Do These Five Things Daily And You’ll Slow Down Aging By At Least 10 Years!&#8221;</a></strong></p>\n<p>Get my Free PDF on how to slow down aging by doing five things that take very little time.</p>\n<p>Of course we are going to age but really, we don&#8217;t have to age faster then necessary.</p>\n<p>With my PDF, I show you the five crucial mistakes that we make as we get older that actually accelerate aging and how we look and how to easily correct them in only minutes a day!</p>\n<p>Can you be twenty years old again?  No but really, who wants to be? Unless you are reading this and you are twenty and if so, then you can benefit by doing these five things daily for prevention.</p>\n<p>Don&#8217;t worry, it&#8217;s not a long read and I&#8217;m not selling anything.  I just want to share what works for me!</p>\n<p style=\"text-align: center;\">Get your down load below:</p>\n<p style=\"text-align: center;\"><img class=\"\" src=\"https://myagingandwellness.com/wp-admin/admin-ajax.php?action=imgedit-preview&amp;_ajax_nonce=c3b68c6a16&amp;postid=98&amp;rand=97003\" width=\"118\" height=\"118\" /></p>\n<p style=\"text-align: center;\"><a href=\"https://theresaskrobanek.leadpages.co/the-5-huge-mistakes\">https://theresaskrobanek.leadpages.co/the-5-huge-mistakes-/</a></p>\n<p style=\"text-align: center; margin: 9.6pt 0in 9.6pt 0in;\" align=\"center\"><em><span style=\"font-size: 10.0pt; font-family: 'Verdana','sans-serif'; color: #111111;\">Before you go, I created “The 7 Steps to Rejuvenate and Renewal.” In just seven</span></em></p>\n<p style=\"text-align: center;\" align=\"center\"><em><span style=\"font-size: 10.0pt; font-family: 'Verdana','sans-serif'; color: #111111;\">steps you can feel amazing without depriving your self!  Click the link below:</span></em></p>\n<p style=\"text-align: center;\" align=\"center\"><em><span style=\"font-size: 10.0pt; font-family: 'Verdana','sans-serif'; color: #111111;\">THE REJUVENATION AND RENEWAL PLAN</span></em></p>\n<p style=\"text-align: center;\" align=\"center\"><strong><i><span style=\"font-size: 10.0pt; font-family: 'Verdana','sans-serif'; color: #111111;\"><a href=\"https://theresaskrobanek.leadpages.co/rejuvenate-renew/\"><span style=\"color: #ba1111; text-decoration: none; text-underline: none;\">https://theresaskrobanek.leadpages.co/rejuvenate-renew/</span></a></span></i></strong></p>\n","featured_media":{"localFile":null}},"site":{"siteMetadata":{"title":"A sample site using gatsby-source-wordpress","subtitle":"Data fetched from a site hosted on wordpress.com"}}},"pageContext":{"isCreatedByStatefulCreatePages":false,"id":"7a4c4af4-b9ad-5ca5-80e9-873941bc32e1"}}