{"data":{"wordpressPost":{"title":"8 Rejuvenation Tips to help you feel great","content":"<p>&nbsp;</p>\n<h2 style=\"text-align: center;\"><span style=\"color: #339966;\">8 Rejuvenation Tips to help you feel great!</span></h2>\n<p>&nbsp;</p>\n<div>\n<h2><strong>Tip #1</strong></h2>\n<div></div>\n<div></div>\n<div><strong><em>Try to eliminate sugar and white flour – You will not regret this!  To reduce your cravings as you eliminate these, eat protein for breakfast like eggs, tofu scramble or a protein shake.  Use Stevia for sweetener.</em></strong></div>\n</div>\n<div></div>\n<div></div>\n<div>\n<h2><em><strong>Tip #2</strong></em></h2>\n<p>&nbsp;</p>\n<div></div>\n<div><em><strong>Always combine “good” proteins, fats and carbs at each meal.  For example, fish and salad with avocado or at snack time, nuts, berries.</strong></em></div>\n</div>\n<div></div>\n<div></div>\n<h2><strong><em>Tip #3</em></strong></h2>\n<p>&nbsp;</p>\n<div></div>\n<div><strong>Try and drink filtered water throughout the day.</strong></div>\n<div></div>\n<div><strong>If you hate water, add fruit and Stevia for extra flavor, especially lemon.</strong></div>\n<div></div>\n<div><strong>At the end of the day, you&#8217;ll be surprised on how much you drink when adding flavor.</strong></div>\n<div></div>\n<div>\n<p>&nbsp;</p>\n<h2><strong>Tip #4</strong></h2>\n<div></div>\n<div><em><strong>Take 15 minutes a day for yourself.  </strong></em></div>\n<div></div>\n<div><em><strong>Sit outside or next to a window and daydream. </strong></em></div>\n<div></div>\n<div><em><strong> Reflect on the person that you are.  Don&#8217;t think about your to-do list.  </strong></em></div>\n<div></div>\n<div><em><strong>Just let your thoughts flow and daydream like when you were a kid.</strong></em></div>\n</div>\n<div></div>\n<div></div>\n<h2><strong>Tip #5</strong></h2>\n<div></div>\n<div></div>\n<div><em><strong>Try to only take medications that you absolutely need to.  </strong></em></div>\n<div></div>\n<div><em><strong>If you have a headache rather than quickly take a pain reliever, lay down and use an ice pack.  </strong></em></div>\n<div></div>\n<div><em><strong>Give your body time to heal and then decide.</strong></em></div>\n<div></div>\n<div></div>\n<div>\n<h2><strong>Tip #6</strong></h2>\n<div></div>\n<div></div>\n<div></div>\n<div><em><strong>Try not to rush or be in a hurry.  </strong></em></div>\n<div></div>\n<div><em><strong>Take your time and move slower.  </strong></em></div>\n<div></div>\n<div><em><strong>Everything will still be there either way.  </strong></em></div>\n<div></div>\n<div><em><strong>Before getting out of bed in the morning, rather than grab your phone, close your eyes and appreciate, pray or just be present before the day takes over.</strong></em></div>\n</div>\n<div></div>\n<div>\n<div></div>\n<h2><strong>Tip #7</strong></h2>\n<div></div>\n<div></div>\n<div><strong><em>What are your most toxic habits?  </em></strong></div>\n<div></div>\n<div><strong><em>Make a list of the top three and try to eliminate one of them.  </em></strong></div>\n<div></div>\n<div><strong><em>It could be things like procrastination, drinking too much, bitterness, eating sugar, or whatever.  </em></strong></div>\n<div></div>\n<div><strong><em>Choose one.</em></strong></div>\n</div>\n<div></div>\n<div>\n<div><strong> </strong></div>\n<div></div>\n<h2><strong>Tip #8</strong></h2>\n<div></div>\n<div></div>\n<div><em><strong>I think this tip of the day has to be the most important one of all.</strong></em></div>\n<div></div>\n<div><em><strong>Every morning go to your mirror, look straight into your eyes and say, &#8220;I love you&#8221; and mean it. </strong></em></div>\n<div></div>\n<div><em><strong>Let the inner child and the adult become one and heal any damage from the past. </strong></em></div>\n<div></div>\n<div><em><strong> When you can see your soul (it may take a few times) you won&#8217;t believe how transforming it can be.</strong></em></div>\n</div>\n<div></div>\n<div style=\"text-align: center;\">\n<p>&nbsp;</p>\n<h2><span style=\"color: #339966;\">8 Rejuvenation Tips to help you feel great!</span></h2>\n</div>\n<p>&nbsp;</p>\n<p style=\"text-align: center;\">If you would like to feel fantastic without detoxing then check out &#8220;The Rejuvenation Program&#8221;  It&#8217;s just six steps to add to your life that will transform how you look and feel!</p>\n<p>&nbsp;</p>\n<h3 style=\"text-align: center;\"><a href=\"http://www.therejuvenationprogram.com\"><span style=\"color: #339966;\">http://www.therejuvenationprogram.com</span></a></h3>\n<p>&nbsp;</p>\n<p>&nbsp;</p>\n<div></div>\n","featured_media":{"localFile":{"childImageSharp":{"resolutions":{"src":"/static/bc6395f77cb8428c6ea5a02078bbd52d/1a478/12499882_s.jpg","width":300,"height":300}}}}},"site":{"siteMetadata":{"title":"A sample site using gatsby-source-wordpress","subtitle":"Data fetched from a site hosted on wordpress.com"}}},"pageContext":{"isCreatedByStatefulCreatePages":false,"id":"93ff56f9-ae38-528a-9ad8-5454e140c452"}}