{"data":{"wordpressPost":{"title":"When he leaves you for a younger woman","content":"<h3></h3>\n<h2 style=\"text-align: center;\"><span style=\"color: #ff00ff;\">When he leaves you for a younger woman</span></h2>\n<p>&nbsp;</p>\n<p style=\"text-align: justify;\">Gosh.  I hate to even write about this subject.  Any woman that has been married for a long time has thought about this topic at least once. Or worse, they have lived through this themselves.</p>\n<p style=\"text-align: justify;\">I heard someone say &#8220;they always go younger&#8221; and damn it if it&#8217;s not true!</p>\n<p style=\"text-align: justify;\">Anyways, a sort of friend of mine (we know each other through mutual friends) just went through this experience but, not only did her husband leave her for a younger woman, the woman was someone that they both knew very well.  A double heart stab!!</p>\n<p style=\"text-align: justify;\">I heard the news, and I felt really bad for her.  I wondered how I would be able to handle this if it happened to me.  Let&#8217;s be real here, as I get older; it seems that the woman is getting younger and younger by the minute!</p>\n<p style=\"text-align: justify;\">My man gets hit on all the time, and he works with many attractive younger women.  If I didn&#8217;t have trust and he wasn&#8217;t the kind of man he is, I&#8217;d be a little worried sometimes.</p>\n<p style=\"text-align: justify;\">I saw this woman at a wedding recently, and I didn&#8217;t want to say anything about her situation but, I wanted to let her know that I was there for her if she needed anything.  So I was happy and surprised when she started telling me that she was hanging in there after what happened (she gave me the full story).</p>\n<p style=\"text-align: justify;\">Being that I love to write and I love to get real-life stories from people, I asked her how the hell she was getting through her husband coming home one day, packing his stuff and, telling her he was leaving her for this family friend!  I&#8217;m pissed just thinking about it now!</p>\n<p style=\"text-align: justify;\">Anyways, she said she was taking it day by day and that one day she hoped to be okay and, to actually find a man and get married again. She was married to the other dude for twenty plus years.</p>\n<p style=\"text-align: justify;\">After talking with her, I realized or determined that I should have titled this blog post as &#8220;how to through when he leaves you for a younger woman&#8221; because after talking with her this is the way to do it:</p>\n<p style=\"text-align: justify;\">You take it day by day.  You don&#8217;t take it personally because it&#8217;s his cowardness, not yours. You don&#8217;t compare yourself to her; you don&#8217;t beat yourself up whatsoever, you give time, time, and, you trust and believe that YOU WILL find someone that is a real man that won&#8217;t leave you for any reason.</p>\n<h3 style=\"text-align: center;\"><span style=\"color: #ff00ff;\">If you would like to find more ways to Rejuvenate.  I have created a six-step course called &#8220;The Rejuvenation Program&#8221;</span></h3>\n<h3 style=\"text-align: center;\"><span style=\"color: #ff00ff;\"> You can check it out by clicking this link: http://www.therejuvenationprogram.com</span></h3>\n<div id=\"attachment_8361\" style=\"width: 310px\" class=\"wp-caption aligncenter\"><img aria-describedby=\"caption-attachment-8361\" class=\"size-medium wp-image-8361\" src=\"https://myagingandwellness.com/wp-content/uploads/2018/08/The-Rejuvenation-Program-300x251.png\" alt=\"The Rejuvenation Program\" width=\"300\" height=\"251\" srcset=\"https://myagingandwellness.com/wp-content/uploads/2018/08/The-Rejuvenation-Program-300x251.png 300w, https://myagingandwellness.com/wp-content/uploads/2018/08/The-Rejuvenation-Program-768x644.png 768w, https://myagingandwellness.com/wp-content/uploads/2018/08/The-Rejuvenation-Program-624x523.png 624w, https://myagingandwellness.com/wp-content/uploads/2018/08/The-Rejuvenation-Program-600x503.png 600w, https://myagingandwellness.com/wp-content/uploads/2018/08/The-Rejuvenation-Program.png 940w\" sizes=\"(max-width: 300px) 100vw, 300px\" /><p id=\"caption-attachment-8361\" class=\"wp-caption-text\">The Rejuvenation Program</p></div>\n<p>&nbsp;</p>\n","featured_media":{"localFile":{"childImageSharp":{"resolutions":{"src":"/static/73b325cc834d1ce8c3cb8eafc059362b/1a478/37921123_s-400x280.jpg","width":300,"height":300}}}}},"site":{"siteMetadata":{"title":"A sample site using gatsby-source-wordpress","subtitle":"Data fetched from a site hosted on wordpress.com"}}},"pageContext":{"isCreatedByStatefulCreatePages":false,"id":"1cf841a1-943c-5a86-bb98-90c49f3580dd"}}