{"data":{"wordpressPost":{"title":"How to tighten the skin under your eyes","content":"<p>&nbsp;</p>\n<h2 style=\"text-align: center;\"><span style=\"color: #ff00ff;\">How to tighten the skin under your eyes</span></h2>\n<p>&nbsp;</p>\n<p>&nbsp;</p>\n<p><iframe width=\"625\" height=\"352\" src=\"https://www.youtube.com/embed/qnZ3lX8KXvY?feature=oembed\" frameborder=\"0\" allow=\"accelerometer; autoplay; encrypted-media; gyroscope; picture-in-picture\" allowfullscreen></iframe></p>\n","featured_media":{"localFile":{"childImageSharp":{"resolutions":{"src":"/static/2c70a543ef5249558f89a7500e75713c/c0005/Screen-Shot-2018-11-06-at-10.38.54-AM.png","width":300,"height":300}}}}},"site":{"siteMetadata":{"title":"A sample site using gatsby-source-wordpress","subtitle":"Data fetched from a site hosted on wordpress.com"}}},"pageContext":{"isCreatedByStatefulCreatePages":false,"id":"7da98c86-d503-5e7b-90bf-92f602e08344"}}