{"data":{"wordpressPost":{"title":"What is twice as likely to kill you as high cholesterol?","content":"<h3 style=\"text-align: justify;\">What is twice as likely to kill you as high cholesterol?</h3>\n<p style=\"text-align: justify;\">Answer: A body that doesn&#8217;t move! It&#8217;s also called a sedentary lifestyle.</p>\n<p style=\"text-align: justify;\">Inactivity is a luxury that those who would like to live longer just can&#8217;t afford.</p>\n<p style=\"text-align: justify;\">No gimmicks no salesy stuff. This is how I stay healthy and in shape and its how you can too 🙂</p>\n<p style=\"text-align: justify;\">Really, it takes about ten minutes three times a day (or 10 minutes twice a day) and, just one or two dietary improvements!</p>\n<p style=\"text-align: justify;\">I love to eat! I&#8217;m not bone thin. I&#8217;m curvy and yes, that&#8217;s how we are supposed to be! What we are not supposed to be is unhealthy!</p>\n<p style=\"text-align: justify;\">That&#8217;s it! Be your best body 🙂</p>\n<p style=\"text-align: center;\">Do you want to look and feel younger? Do this and have a life that will keep you happy and healthy for a lot longer than the average woman.</p>\n<p style=\"text-align: center;\"><a href=\"https://theresaskrobanek.leadpages.co/5-steps-to-a-younger-you/\">https://theresaskrobanek.leadpages.co/5-steps-to-a-younger-you/</a></p>\n<p>&nbsp;</p>\n<p style=\"text-align: center; margin: 9.6pt 0in 9.6pt 0in;\" align=\"center\"><em><span style=\"font-size: 10.0pt; font-family: 'Verdana','sans-serif'; color: #111111;\">Before you go, I created “The 7 Steps to Rejuvenate and Renewal.” In just seven</span></em></p>\n<p style=\"text-align: center;\" align=\"center\"><em><span style=\"font-size: 10.0pt; font-family: 'Verdana','sans-serif'; color: #111111;\">steps you can feel amazing without depriving your self!  Click the link below:</span></em></p>\n<p style=\"text-align: center;\" align=\"center\"><em><span style=\"font-size: 10.0pt; font-family: 'Verdana','sans-serif'; color: #111111;\">THE REJUVENATION AND RENEWAL PLAN</span></em></p>\n<p style=\"text-align: center;\" align=\"center\"><strong><i><span style=\"font-size: 10.0pt; font-family: 'Verdana','sans-serif'; color: #111111;\"><a href=\"https://theresaskrobanek.leadpages.co/rejuvenate-renew/\"><span style=\"color: #ba1111; text-decoration: none; text-underline: none;\">https://theresaskrobanek.leadpages.co/rejuvenate-renew/</span></a></span></i></strong></p>\n","featured_media":{"localFile":null}},"site":{"siteMetadata":{"title":"A sample site using gatsby-source-wordpress","subtitle":"Data fetched from a site hosted on wordpress.com"}}},"pageContext":{"isCreatedByStatefulCreatePages":false,"id":"ad5713ee-612c-5937-bd10-37d41a2621d1"}}