{"data":{"wordpressPost":{"title":"Milani Blur Stick Review","content":"<p>&nbsp;</p>\n<h1 style=\"text-align: center;\"><span style=\"color: #ff00ff;\">Milani Blur Stick Review</span></h1>\n<p><iframe width=\"625\" height=\"352\" src=\"https://www.youtube.com/embed/HiQxsduOCYk?feature=oembed\" frameborder=\"0\" allow=\"autoplay; encrypted-media\" allowfullscreen></iframe></p>\n<p>&nbsp;</p>\n<h2 style=\"text-align: left;\"><span style=\"color: #ff00ff;\">If you want smoother skin without needles, filters or a surgeon then check out </span><span style=\"color: #ff00ff;\">my four-step course on how to get &#8220;Smoother Skin&#8221; at home!  Trust me, it really works!</span></h2>\n<h2 style=\"text-align: center;\"> <a href=\"https://how-to-get-smoother-skin.teachable.com\"> https://how-to-get-smoother-skin.teachable.com</a></h2>\n<div id=\"attachment_8372\" style=\"width: 310px\" class=\"wp-caption aligncenter\"><img aria-describedby=\"caption-attachment-8372\" class=\"size-medium wp-image-8372\" src=\"https://myagingandwellness.com/wp-content/uploads/2018/06/hello-300x169.png\" alt=\"Smooth Skin Course\" width=\"300\" height=\"169\" srcset=\"https://myagingandwellness.com/wp-content/uploads/2018/06/hello-300x169.png 300w, https://myagingandwellness.com/wp-content/uploads/2018/06/hello-768x432.png 768w, https://myagingandwellness.com/wp-content/uploads/2018/06/hello-1024x576.png 1024w, https://myagingandwellness.com/wp-content/uploads/2018/06/hello-624x351.png 624w, https://myagingandwellness.com/wp-content/uploads/2018/06/hello-600x338.png 600w\" sizes=\"(max-width: 300px) 100vw, 300px\" /><p id=\"caption-attachment-8372\" class=\"wp-caption-text\">How to get smooth skin at home</p></div>\n","featured_media":{"localFile":{"childImageSharp":{"resolutions":{"src":"/static/f9a6f496051727503ef0078a897de843/c0005/Milani-Blur-StickReview.png","width":300,"height":300}}}}},"site":{"siteMetadata":{"title":"A sample site using gatsby-source-wordpress","subtitle":"Data fetched from a site hosted on wordpress.com"}}},"pageContext":{"isCreatedByStatefulCreatePages":false,"id":"e2dc6215-4e6f-592a-bcbf-54861e2937cd"}}