{"data":{"wordpressPost":{"title":"Matrixyl 3000 Peptide Review","content":"<h2 style=\"text-align: center;\"><span style=\"color: #ff00ff;\">Matrixyl 3000 Peptide Review</span></h2>\n<p><iframe width=\"625\" height=\"352\" src=\"https://www.youtube.com/embed/mLRC1Q90BLA?feature=oembed\" frameborder=\"0\" allow=\"accelerometer; autoplay; encrypted-media; gyroscope; picture-in-picture\" allowfullscreen></iframe></p>\n<p style=\"text-align: center;\">Here is my affiliate link below, but by all means just get some of this and try it out!</p>\n<p style=\"text-align: center;\">It works, amazing 🤗</p>\n<h3 style=\"text-align: center;\"><a href=\"https://amzn.to/2S6RIt8\"><span style=\"color: #ff00ff;\">https://amzn.to/2S6RIt8</span></a></h3>\n<div id=\"attachment_8650\" style=\"width: 249px\" class=\"wp-caption aligncenter\"><img aria-describedby=\"caption-attachment-8650\" class=\"size-medium wp-image-8650\" src=\"https://myagingandwellness.com/wp-content/uploads/2019/01/Screen-Shot-2019-01-22-at-5.17.15-PM-239x300.png\" alt=\"Baebody eye cream with Matrixyl 3000 Peptide\" width=\"239\" height=\"300\" srcset=\"https://myagingandwellness.com/wp-content/uploads/2019/01/Screen-Shot-2019-01-22-at-5.17.15-PM-239x300.png 239w, https://myagingandwellness.com/wp-content/uploads/2019/01/Screen-Shot-2019-01-22-at-5.17.15-PM-624x785.png 624w, https://myagingandwellness.com/wp-content/uploads/2019/01/Screen-Shot-2019-01-22-at-5.17.15-PM-600x755.png 600w, https://myagingandwellness.com/wp-content/uploads/2019/01/Screen-Shot-2019-01-22-at-5.17.15-PM.png 644w\" sizes=\"(max-width: 239px) 100vw, 239px\" /><p id=\"caption-attachment-8650\" class=\"wp-caption-text\"><a href=\"https://amzn.to/2S6RIt8\">Baebody eye cream with Matrixyl 3000 Peptide</a></p></div>\n<p class=\"p1\" style=\"text-align: center;\"><strong><span style=\"color: #ff00ff;\">If you want to seriously get smoother skin then check out my &#8220;Smooth Skin&#8221; course.  </span></strong></p>\n<p class=\"p1\" style=\"text-align: center;\"><strong><span style=\"color: #ff00ff;\">Just four quick steps to make your skin younger guaranteed!  </span></strong></p>\n<p class=\"p1\" style=\"text-align: center;\"><strong><span style=\"color: #ff00ff;\">Click the link to watch the video: <a style=\"color: #ff00ff;\" href=\"https://how-to-get-smoother-skin.teachable.com/p/smooth-skin\"><span class=\"s1\"> https://how-to-get-smoother-skin.teachable.com/p/smooth-skin</span></a></span></strong></p>\n<div id=\"attachment_8770\" style=\"width: 310px\" class=\"wp-caption aligncenter\"><img aria-describedby=\"caption-attachment-8770\" class=\"size-medium wp-image-8770\" src=\"https://myagingandwellness.com/wp-content/uploads/2019/03/Screen-Shot-2019-03-19-at-2.36.22-PM-300x200.png\" alt=\"How to get smooth skin\" width=\"300\" height=\"200\" srcset=\"https://myagingandwellness.com/wp-content/uploads/2019/03/Screen-Shot-2019-03-19-at-2.36.22-PM-300x200.png 300w, https://myagingandwellness.com/wp-content/uploads/2019/03/Screen-Shot-2019-03-19-at-2.36.22-PM-768x511.png 768w, https://myagingandwellness.com/wp-content/uploads/2019/03/Screen-Shot-2019-03-19-at-2.36.22-PM-1024x681.png 1024w, https://myagingandwellness.com/wp-content/uploads/2019/03/Screen-Shot-2019-03-19-at-2.36.22-PM-624x415.png 624w, https://myagingandwellness.com/wp-content/uploads/2019/03/Screen-Shot-2019-03-19-at-2.36.22-PM-600x399.png 600w, https://myagingandwellness.com/wp-content/uploads/2019/03/Screen-Shot-2019-03-19-at-2.36.22-PM.png 1230w\" sizes=\"(max-width: 300px) 100vw, 300px\" /><p id=\"caption-attachment-8770\" class=\"wp-caption-text\"><a href=\"http://If you want to seriously get smoother skin then check out my &quot;Smooth Skin&quot; course.  Just four quick steps to make your skin younger guaranteed!  Click the link to watch the video:  https://how-to-get-smoother-skin.teachable.com/p/smooth-skin\" data-wplink-url-error=\"true\">How to get smooth skin</a></p></div>\n<p style=\"text-align: center;\">\n","featured_media":{"localFile":{"childImageSharp":{"resolutions":{"src":"/static/0f1f51c4f6e11bb64d9a99102597db3e/c0005/Untitled-design-4-copy-2.png","width":300,"height":300}}}}},"site":{"siteMetadata":{"title":"A sample site using gatsby-source-wordpress","subtitle":"Data fetched from a site hosted on wordpress.com"}}},"pageContext":{"isCreatedByStatefulCreatePages":false,"id":"dac3802d-279e-56d0-a48e-bc7bfb65d804"}}