{"data":{"wordpressPost":{"title":"Spencer Barnes Sculpting Wand Review","content":"<p>&nbsp;</p>\n<p>&nbsp;</p>\n<h2 style=\"text-align: center;\"><span style=\"color: #ff00ff;\">Spencer Barnes Sculpting Wand Review</span></h2>\n<p>&nbsp;</p>\n<p><iframe width=\"625\" height=\"352\" src=\"https://www.youtube.com/embed/5YCNkuDxHT8?feature=oembed\" frameborder=\"0\" allow=\"autoplay; encrypted-media\" allowfullscreen></iframe></p>\n<p>&nbsp;</p>\n<p>If you seriously want smoother skin without needles, plastic surgeons or fillers then check out &#8220;The Smooth Skin Course&#8221; where I show you how to do it at home fast!  <span style=\"color: #ff00ff;\"><a style=\"color: #ff00ff;\" href=\"https://how-to-get-smoother-skin.teachable.com\">https://how-to-get-smoother-skin.teachable.com</a></span></p>\n","featured_media":{"localFile":{"childImageSharp":{"resolutions":{"src":"/static/d70eca30a845f496dddfa43f2e98fcfc/68f52/Add-headin1.png","width":275,"height":275}}}}},"site":{"siteMetadata":{"title":"A sample site using gatsby-source-wordpress","subtitle":"Data fetched from a site hosted on wordpress.com"}}},"pageContext":{"isCreatedByStatefulCreatePages":false,"id":"f43c4032-d7f5-576c-9b60-4af0ad166dd0"}}